ticker,min_date,max_date
A,1999-11-18,2017-11-06
AA,2016-11-01,2017-11-06
AAL,2005-09-27,2017-11-06
AAMC,2012-12-13,2017-11-06
AAN,1984-09-07,2017-11-06
AAOI,2013-09-26,2017-11-06
AAON,1992-12-16,2017-11-06
AAP,2001-11-29,2017-11-06
AAPL,1980-12-12,2017-11-06
AAT,2011-01-13,2017-11-06
AAWW,2005-11-09,2017-11-06
ABAX,1992-01-23,2017-11-06
ABBV,2013-01-02,2017-11-03
ABC,1995-04-04,2017-11-06
ABCB,1994-05-19,2017-11-06
ABCO,2001-11-13,2017-11-06
ABFS,1992-05-13,2014-04-30
ABG,2002-03-21,2017-11-06
ABM,1984-07-19,2017-11-06
ABMD,1987-07-30,2017-11-06
ABT,1983-04-06,2017-11-03
ACAD,2004-05-27,2017-11-06
ACAS,1997-09-02,2017-01-03
ACAT,1990-06-27,2017-03-06
ACC,2004-08-16,2017-11-06
ACCL,1995-12-06,2014-04-29
ACCO,2005-08-17,2017-11-06
ACE,1993-03-26,2016-01-14
ACET,1990-03-26,2017-11-06
ACFN,1992-02-11,2015-07-23
ACGL,1995-09-14,2017-11-06
ACHC,1994-03-04,2017-11-06
ACHN,2006-11-09,2017-11-06
ACI,1988-08-12,2016-01-11
ACIW,1995-02-27,2017-11-06
ACLS,2000-07-11,2017-11-06
ACM,2007-05-10,2017-11-06
ACN,2001-07-19,2017-11-06
ACO,1987-08-13,2014-05-08
ACOR,2006-02-10,2017-11-06
ACRE,2012-04-27,2017-11-06
ACRX,2011-02-11,2017-11-06
ACTG,2002-12-16,2017-11-06
ACW,2010-03-03,2016-11-17
ACXM,1984-09-07,2017-11-06
ADBE,1986-08-14,2017-11-06
ADC,1994-04-15,2017-11-06
ADES,2016-05-26,2017-11-06
ADI,1984-07-19,2017-11-06
ADM,1983-04-05,2017-11-06
ADMS,2014-04-10,2017-11-06
ADNC,2012-05-11,2015-06-30
ADP,1983-04-06,2017-11-06
ADS,2001-06-15,2017-11-06
ADSK,1985-07-01,2017-11-06
ADT,2012-10-01,2016-04-29
ADTN,1994-08-10,2017-11-06
ADUS,2009-10-28,2017-11-06
ADVS,1995-11-16,2015-07-07
AE,1984-09-07,2017-11-06
AEC,1993-11-11,2015-08-06
AEE,1998-01-02,2017-11-06
AEGN,1989-04-24,2017-11-06
AEGR,2010-10-22,2016-11-29
AEIS,1995-11-17,2017-11-06
AEL,2003-12-04,2017-11-06
AEO,1994-04-14,2017-11-06
AEP,1970-01-02,2017-11-06
AEPI,1986-01-31,2017-01-20
AERI,2013-10-25,2017-11-06
AES,1991-06-26,2017-11-06
AET,1977-01-03,2017-11-06
AF,1993-11-18,2017-09-29
AFAM,1993-02-19,2017-11-06
AFFX,1996-06-06,2016-03-31
AFG,1983-04-06,2017-11-06
AFH,2013-02-12,2017-11-06
AFL,1984-07-19,2017-11-06
AFOP,2000-11-30,2016-06-06
AFSI,2006-11-28,2017-11-06
AGCO,1992-04-20,2017-11-06
AGEN,2000-02-08,2017-11-06
AGII,1986-11-14,2017-11-06
AGIO,2013-07-24,2017-11-06
AGM,1995-08-18,2017-11-06
AGN,1989-06-22,2017-11-06
AGNC,2008-05-15,2017-11-06
AGO,2004-04-23,2017-11-06
AGTC,2014-03-27,2017-11-06
AGX,1995-08-18,2017-11-06
AGYS,1990-03-26,2017-11-06
AHC,2008-02-11,2017-11-06
AHH,2013-05-08,2017-11-06
AHL,2003-12-05,2017-11-06
AHP,2013-11-06,2017-11-06
AHS,2001-11-13,2016-10-26
AHT,2003-08-26,2017-11-06
AI,1997-12-23,2017-11-06
AIG,1984-09-07,2017-11-06
AIMC,2006-12-15,2017-11-06
AIN,1987-09-30,2017-11-06
AINV,2004-05-05,2017-11-06
AIQ,2001-07-31,2017-08-18
AIR,1984-07-19,2017-11-06
AIRM,1987-08-31,2017-04-20
AIT,1984-09-07,2017-11-06
AIV,1994-07-22,2017-11-06
AIZ,2004-02-05,2017-11-06
AJG,1984-09-07,2017-11-06
AKAM,1999-10-29,2017-11-06
AKAO,2014-03-12,2017-11-06
AKBA,2014-03-20,2017-11-06
AKR,1993-05-27,2017-11-06
AKRX,2002-08-02,2017-11-06
AKS,1994-03-30,2017-11-06
AL,2011-04-19,2017-11-06
ALB,1994-02-22,2017-11-06
ALCO,1973-05-03,2017-11-06
ALDR,2014-05-08,2017-11-06
ALE,1973-05-03,2017-11-06
ALEX,2012-06-14,2017-11-06
ALG,1993-03-19,2017-11-06
ALGN,2001-01-30,2017-11-06
ALGT,2006-12-08,2017-11-06
ALIM,2010-04-22,2017-11-06
ALJ,2005-07-28,2017-06-30
ALK,1983-01-03,2017-11-06
ALKS,1991-07-16,2017-11-06
ALL,1993-06-03,2017-11-06
ALLE,2013-11-18,2017-11-06
ALNY,2004-06-01,2017-11-06
ALOG,1984-09-07,2017-11-06
ALR,1996-08-06,2017-10-02
ALSN,2012-03-15,2017-11-06
ALTR,1988-04-04,2015-12-24
ALX,1984-07-19,2017-11-06
ALXN,1996-02-28,2017-11-06
AMAG,1986-06-12,2017-11-06
AMAT,1984-09-07,2017-11-06
AMBA,2012-10-10,2017-11-06
AMBC,2013-05-01,2017-11-06
AMBR,2014-03-21,2017-11-06
AMC,2013-12-18,2017-11-06
AMCC,1997-12-08,2017-01-26
AMCX,2011-06-16,2017-11-06
AMD,1983-03-21,2017-11-06
AME,1984-07-19,2017-11-06
AMED,1994-08-18,2017-11-06
AMG,1997-11-21,2017-11-06
AMGN,1984-09-07,2017-11-06
AMKR,1998-05-01,2017-11-06
AMNB,1999-04-13,2017-11-06
AMP,2005-09-15,2017-11-06
AMPE,2010-03-31,2017-11-06
AMRC,2010-07-22,2017-11-06
AMRE,2012-07-27,2015-02-18
AMRI,1999-02-04,2017-08-31
AMRS,2010-09-28,2017-11-06
AMSC,1991-12-12,2017-11-06
AMSF,2005-11-18,2017-11-06
AMSG,1997-12-04,2016-12-01
AMSWA,1984-09-07,2017-11-06
AMT,1998-02-27,2017-11-06
AMTD,1997-03-04,2017-11-06
AMTG,2011-07-22,2016-08-31
AMWD,1986-07-21,2017-11-06
AMZG,2006-06-15,2015-05-11
AMZN,1997-05-16,2017-11-06
AN,1992-03-03,2017-08-07
ANAC,2010-11-24,2016-06-24
ANAD,1995-04-21,2016-03-15
ANAT,1984-09-07,2017-11-06
ANCX,2004-07-19,2017-11-06
ANDE,1996-02-20,2017-11-06
ANDV,2017-08-03,2017-11-06
ANF,1996-09-26,2017-11-06
ANGI,2011-11-17,2017-11-06
ANGO,2004-06-01,2017-11-06
ANH,1998-03-12,2017-11-06
ANIK,1993-05-04,2017-11-06
ANIP,2000-05-05,2017-11-06
ANN,1991-05-17,2015-08-21
ANR,2005-02-15,2015-07-16
ANSS,1996-06-21,2017-11-06
ANTM,2001-10-30,2017-11-06
ANV,2007-05-10,2015-03-09
AOI,1995-04-03,2017-11-06
AOL,2009-11-24,2015-06-22
AON,1984-09-07,2017-11-06
AOS,1984-09-07,2017-11-06
AOSL,2010-04-29,2017-11-06
AP,1984-07-19,2017-11-06
APA,1979-05-15,2017-11-06
APAGF,1981-07-21,2015-01-28
APAM,2013-03-07,2017-11-06
APC,1986-09-09,2017-11-06
APD,1983-04-06,2017-11-06
APEI,2007-11-09,2017-11-06
APH,1991-11-08,2017-11-06
APL,2000-01-28,2015-02-27
APOG,1973-05-03,2017-11-06
APOL,1995-01-04,2017-02-01
APP,2006-03-07,2015-10-05
ARAY,2007-02-08,2017-11-06
ARC,2005-02-04,2017-11-06
ARCB,1992-05-13,2017-11-06
ARCC,2004-10-05,2017-11-06
ARCW,1999-06-14,2017-11-06
ARE,1997-05-28,2017-11-06
AREX,2007-11-08,2017-11-06
ARG,1986-12-22,2016-05-20
ARI,2009-09-24,2017-11-06
ARIA,1994-09-19,2017-02-15
ARII,2006-01-23,2017-11-06
ARNA,2000-07-28,2017-11-06
ARNC,1962-01-02,2017-11-06
ARO,2002-05-16,2016-04-21
AROW,1984-09-07,2017-11-06
ARPI,2013-05-09,2016-02-29
ARQL,1996-10-16,2017-11-06
ARR,2007-12-03,2017-11-06
ARRS,1993-09-17,2017-11-06
ARRY,2000-11-30,2017-11-06
ARSD,2006-07-31,2014-06-17
ARTC,1996-02-05,2014-05-29
ARTNA,1996-05-24,2017-11-06
ARUN,2007-03-27,2015-05-18
ARW,1984-07-19,2017-11-06
ARWR,1997-01-06,2017-11-06
ARX,2010-11-19,2014-09-12
ASBC,1984-09-07,2014-12-22
ASC,2013-08-01,2017-11-06
ASCMA,2008-09-18,2017-11-06
ASEI,1984-09-07,2016-09-09
ASGN,1992-09-23,2017-11-06
ASH,1983-04-06,2017-11-06
ASNA,1990-03-26,2017-11-06
ASPS,2009-08-06,2017-11-06
ASPX,2014-02-05,2015-05-04
ASTE,1986-06-19,2017-11-06
AT,2009-12-03,2017-11-06
ATEC,2006-06-12,2017-11-06
ATEN,2014-03-21,2017-11-06
ATHN,2007-09-20,2017-11-06
ATI,1999-11-29,2017-04-25
ATK,1990-10-03,2015-02-09
ATLO,2000-02-15,2017-11-06
ATMI,1993-11-23,2014-04-30
ATML,1991-03-19,2016-04-04
ATNI,1991-11-14,2017-11-06
ATNM,2012-12-27,2017-11-06
ATNY,2006-11-07,2016-04-22
ATO,1983-12-28,2017-11-06
ATR,1993-04-23,2017-11-06
ATRC,2005-08-05,2017-11-06
ATRI,1984-09-07,2017-11-06
ATRO,1984-09-07,2017-11-06
ATRS,1996-10-03,2017-11-06
ATSG,2003-07-23,2017-11-06
ATU,2000-07-24,2017-11-06
ATVI,1993-10-25,2017-11-06
ATW,1984-09-07,2017-10-05
AUXL,2004-07-26,2015-01-29
AVA,1987-11-16,2017-11-06
AVAV,2007-01-23,2017-11-06
AVB,1994-03-11,2017-11-06
AVD,1988-06-22,2017-11-06
AVEO,2010-03-12,2017-11-06
AVG,2012-02-02,2016-11-07
AVGO,2009-08-06,2017-11-06
AVHI,2003-05-23,2017-11-06
AVID,2014-12-08,2017-11-06
AVIV,2013-03-21,2015-04-01
AVNR,1990-05-08,2015-01-12
AVNW,1991-02-07,2017-11-06
AVP,1972-06-01,2017-04-25
AVT,1973-05-03,2017-11-06
AVX,1995-08-15,2017-11-06
AVY,1983-12-29,2017-11-06
AWAY,2011-06-29,2015-12-14
AWH,2006-07-12,2017-07-27
AWI,2006-10-18,2017-11-06
AWK,2008-04-23,2017-11-06
AWR,1990-03-26,2017-11-06
AXAS,1991-05-08,2017-11-06
AXDX,1996-11-19,2017-11-06
AXE,1984-07-19,2017-11-06
AXL,1999-01-29,2017-11-06
AXLL,1988-10-05,2016-08-30
AXP,1972-06-01,2017-11-06
AXS,2003-07-01,2017-11-06
AYI,2001-12-03,2017-11-06
AYR,2006-08-08,2017-11-06
AZO,1991-04-02,2017-11-06
AZPN,1994-10-26,2017-11-06
AZZ,1984-09-07,2017-11-06
B,1984-09-07,2017-11-06
BA,1962-01-02,2017-11-06
BABY,2001-07-31,2017-11-06
BAC,1986-05-29,2017-11-06
BAGL,2007-06-08,2014-11-06
BAGR,2008-11-19,2015-11-06
BAH,2010-11-18,2017-11-06
BALT,2010-03-10,2015-07-17
BANC,2002-10-01,2017-11-06
BANF,1990-03-26,2017-11-06
BANR,1995-11-01,2017-11-06
BAS,2005-12-09,2017-11-06
BAX,1981-10-27,2017-11-06
BBBY,1992-06-05,2017-07-25
BBCN,1998-01-29,2016-07-29
BBG,2004-12-10,2017-11-06
BBGI,2000-02-11,2017-11-06
BBNK,2003-01-27,2015-06-30
BBOX,1992-12-17,2017-11-06
BBRG,2010-10-21,2017-11-06
BBSI,1993-06-14,2017-11-06
BBT,1990-03-26,2017-11-06
BBW,2004-10-28,2017-11-06
BBX,1996-03-12,2017-11-06
BBY,1985-04-19,2017-11-06
BC,1981-12-31,2017-11-06
BCC,2013-02-06,2017-11-06
BCEI,2011-12-15,2017-11-06
BCO,1996-01-03,2017-11-06
BCOR,1998-12-15,2017-11-06
BCOV,2012-02-17,2017-11-06
BCPC,1986-06-03,2017-11-06
BCR,1983-04-06,2017-11-06
BCRX,1994-03-04,2017-11-06
BDBD,2007-05-01,2016-01-15
BDC,1993-11-24,2017-11-06
BDE,1998-05-27,2017-08-11
BDGE,1999-01-12,2017-11-06
BDN,1986-07-24,2017-11-06
BDSI,2002-07-25,2017-11-06
BDX,1983-04-06,2017-11-06
BEAM,1977-01-03,2014-04-30
BEAT,2008-03-19,2017-11-06
BEAV,1990-04-25,2017-04-12
BEBE,1998-06-17,2017-11-06
BECN,2004-09-23,2017-11-06
BEE,2004-07-26,2015-12-11
BELFB,1998-07-10,2017-11-06
BEN,1984-09-07,2017-11-06
BERY,2012-10-04,2017-11-06
BF_B,1984-09-07,2017-11-06
BFAM,2013-01-25,2017-11-06
BFIN,2005-06-28,2017-11-06
BFS,1993-08-19,2017-11-06
BG,2001-08-02,2017-11-06
BGC,1997-05-16,2017-11-06
BGCP,1999-12-10,2017-11-06
BGFV,2002-09-17,2017-11-06
BGG,1984-09-07,2017-11-06
BGS,2007-05-23,2017-11-06
BH,1992-02-25,2017-11-06
BHB,1997-09-23,2017-11-06
BHE,1990-06-28,2017-11-06
BHF,2017-08-08,2017-11-06
BHGE,2017-07-06,2017-11-06
BHI,1987-04-07,2017-07-03
BHLB,2000-06-28,2017-11-06
BID,1988-05-13,2017-11-06
BIDU,2005-08-05,2017-11-06
BIG,1985-06-20,2017-11-06
BIIB,1991-09-17,2017-11-06
BIO,1980-02-27,2017-11-06
BIOL,1992-11-12,2017-11-06
BIOS,1996-08-15,2017-11-06
BIRT,1998-07-17,2015-01-15
BJRI,1996-10-10,2017-11-06
BK,1973-05-03,2017-11-06
BKCC,2007-06-27,2017-11-06
BKD,2005-11-22,2017-11-06
BKE,1992-05-11,2017-11-06
BKH,1984-09-07,2017-11-06
BKMU,2001-03-06,2017-11-06
BKS,1993-09-28,2017-11-06
BKU,2011-01-28,2017-11-06
BKW,2012-06-20,2014-12-12
BKYF,1999-02-25,2015-06-19
BLDR,2005-06-28,2017-11-06
BLK,1999-10-01,2017-11-06
BLKB,2004-07-26,2017-11-06
BLL,1984-09-07,2017-11-06
BLMN,2012-08-08,2017-11-06
BLOX,2012-04-20,2016-11-04
BLT,1999-08-20,2016-04-11
BLUE,2013-06-19,2017-11-06
BLX,1992-09-24,2017-11-06
BMI,1984-09-07,2017-11-06
BMR,2004-08-09,2016-01-27
BMRC,1999-12-23,2017-11-06
BMRN,1999-07-26,2017-11-06
BMS,1984-09-07,2017-11-06
BMTC,1985-08-08,2017-11-06
BMY,1972-06-01,2017-11-06
BNCL,2007-07-16,2017-11-06
BNCN,2003-07-15,2017-06-15
BNFT,2013-09-18,2017-11-06
BNNY,2012-03-28,2014-10-20
BOBE,1984-09-05,2017-11-06
BODY,2010-10-15,2015-03-11
BOFI,2005-03-16,2017-11-06
BOH,1984-09-07,2017-11-06
BOKF,1991-09-05,2017-11-06
BOLT,1995-02-01,2014-11-18
BONT,1991-09-24,2017-11-06
BOOM,1989-01-05,2017-11-06
BP,1977-01-03,2017-11-06
BPFH,1994-02-14,2017-11-06
BPI,2009-04-15,2017-11-06
BPOP,1990-03-26,2017-11-06
BPTH,2008-03-04,2017-11-06
BPZ,2003-10-07,2015-03-02
BR,2007-04-02,2017-11-06
BRC,1984-09-07,2017-11-06
BRCD,1999-05-25,2017-11-06
BRCM,1998-04-17,2016-01-29
BRDR,2014-03-21,2015-06-09
BREW,1995-08-18,2017-11-06
BRK_A,1980-03-17,2017-11-06
BRK_B,1996-05-09,2017-11-06
BRKL,1998-03-25,2017-11-06
BRKR,2000-08-04,2017-11-06
BRKS,1995-02-02,2017-11-06
BRLI,1993-11-22,2015-08-20
BRO,1992-03-03,2017-11-06
BRS,1990-03-26,2017-11-06
BRSS,2013-05-23,2017-11-06
BRT,1973-05-03,2017-11-06
BSET,1984-09-07,2017-11-06
BSFT,2010-06-16,2017-11-06
BSRR,1996-05-30,2017-11-06
BSTC,1991-11-15,2017-11-06
BSX,1992-05-19,2017-11-06
BTH,1994-05-18,2015-10-14
BTU,2001-05-22,2017-11-06
BTX,1992-03-06,2017-11-06
BURL,2013-10-02,2017-11-06
BUSE,1998-10-06,2017-11-06
BV,2012-02-24,2017-11-06
BWA,1993-08-13,2017-11-06
BWC,2010-08-02,2015-06-30
BWINB,1986-05-14,2017-11-06
BWLD,2003-11-24,2017-11-06
BWS,1984-09-07,2015-05-28
BXC,2004-12-14,2017-11-06
BXLT,2015-07-01,2016-06-02
BXP,1997-06-18,2017-11-06
BXS,1985-10-16,2017-11-06
BYD,1993-10-18,2017-11-06
BYI,1982-01-12,2014-11-21
BZH,1994-02-23,2017-11-06
C,1977-01-03,2017-11-06
CA,1984-09-07,2017-11-06
CAB,2004-07-06,2017-09-25
CAC,1997-10-08,2017-11-06
CACB,1994-01-21,2017-05-30
CACC,1992-06-05,2017-11-06
CACI,1984-09-07,2017-11-06
CACQ,2013-11-19,2017-10-05
CAG,1984-09-07,2017-11-06
CAH,1987-12-31,2017-11-06
CAKE,1992-09-18,2017-11-06
CALD,2003-11-20,2017-11-06
CALL,1996-02-07,2017-11-06
CALM,1996-12-12,2017-11-06
CALX,2010-03-24,2017-11-06
CAM,1995-07-05,2016-04-01
CAMP,1984-09-07,2017-11-06
CAP,2007-05-16,2015-08-13
CAR,1990-01-12,2017-11-06
CARA,2014-01-31,2017-11-06
CARB,2011-08-11,2017-11-06
CAS,1980-03-17,2016-12-06
CASH,1993-09-21,2017-11-06
CASS,1996-01-02,2017-11-06
CASY,1983-10-20,2017-11-06
CAT,1962-01-02,2017-11-06
CATM,2007-12-13,2017-11-06
CATO,1987-04-23,2017-11-06
CATY,1990-12-17,2017-11-06
CAVM,2007-05-02,2017-11-06
CB,1984-09-07,2017-11-06
CBB,1987-05-21,2017-11-06
CBEY,2005-11-10,2014-07-18
CBF,2012-09-20,2017-11-06
CBG,2004-06-10,2017-11-06
CBI,1997-03-27,2017-11-06
CBK,1992-03-31,2017-11-06
CBL,1993-10-28,2017-11-06
CBM,1987-09-23,2017-11-06
CBOE,2010-06-15,2017-11-06
CBPX,2014-02-05,2017-11-06
CBR,1994-03-17,2017-04-10
CBRL,1984-09-07,2017-11-06
CBS,2005-12-05,2017-11-06
CBSH,1984-09-07,2017-11-06
CBST,1996-10-25,2015-01-21
CBT,1980-11-05,2017-11-06
CBU,1985-11-27,2017-11-06
CBZ,1995-04-27,2017-11-06
CCBG,1997-02-03,2017-11-06
CCC,1987-06-03,2017-11-06
CCE,1986-11-24,2017-11-06
CCF,1995-10-25,2017-11-06
CCG,2010-10-14,2016-03-02
CCI,1998-08-18,2017-11-06
CCK,1984-12-18,2017-11-06
CCL,1989-01-05,2017-11-06
CCMP,2000-04-05,2017-11-06
CCNE,1996-05-30,2017-11-06
CCO,2005-11-14,2017-11-06
CCOI,2002-02-05,2017-11-06
CCRN,2001-10-25,2017-11-06
CCXI,2012-02-08,2017-11-06
CDE,1990-04-12,2017-11-06
CDI,1989-06-29,2017-09-12
CDNS,1990-03-26,2017-11-06
CDR,1993-02-19,2017-11-06
CE,2005-01-21,2017-11-06
CEB,1999-02-23,2017-04-04
CECE,1993-02-19,2017-11-06
CECO,1998-01-29,2017-11-06
CELG,1990-03-26,2017-11-06
CEMP,2012-02-06,2017-11-03
CENTA,2007-02-06,2017-11-06
CENX,1996-03-29,2017-11-06
CERN,1990-03-26,2017-11-06
CERS,1997-01-31,2017-11-06
CETV,1994-10-14,2017-11-06
CEVA,2002-11-01,2017-11-06
CF,2005-08-11,2017-11-06
CFFI,1998-05-07,2017-11-06
CFFN,1999-04-01,2017-11-06
CFG,2014-09-24,2017-11-06
CFI,1990-03-26,2017-07-12
CFN,2009-08-21,2015-03-16
CFNB,1987-04-09,2017-11-06
CFNL,1998-07-17,2017-04-21
CFR,1990-03-26,2017-11-06
CFX,2008-05-08,2017-11-06
CGI,1994-01-21,2017-11-06
CGNX,1989-10-09,2017-11-06
CHCO,1993-02-19,2017-11-06
CHD,1986-03-06,2017-11-06
CHDN,1993-03-29,2017-11-06
CHDX,1994-08-19,2014-09-29
CHE,1973-05-03,2017-11-06
CHEF,2011-07-28,2017-11-06
CHFC,1992-03-11,2017-11-06
CHFN,2002-08-02,2017-11-06
CHGG,2013-11-13,2017-11-06
CHH,1996-10-16,2017-11-06
CHK,1993-02-16,2017-11-06
CHKP,1996-06-28,2017-11-06
CHMG,1999-01-04,2017-11-06
CHMT,2010-10-26,2017-04-20
CHRW,1997-10-16,2017-11-06
CHS,1993-03-24,2017-11-06
CHSP,2010-01-26,2017-11-06
CHTP,2005-11-10,2014-06-23
CHTR,2010-01-05,2017-11-06
CHUY,2012-07-24,2017-11-06
CI,1982-03-31,2017-11-06
CIA,1988-12-05,2017-11-06
CIDM,2003-11-10,2017-11-06
CIE,2009-12-16,2017-11-06
CIEN,1997-02-07,2017-11-06
CIFC,2005-06-29,2016-11-21
CIM,2007-11-29,2017-11-06
CINF,1990-03-26,2017-11-06
CIR,1999-10-18,2017-11-06
CIT,2009-12-10,2017-11-06
CIX,1998-03-06,2017-11-06
CJES,2011-07-29,2016-07-20
CKEC,2001-01-18,2016-12-21
CKH,1992-12-17,2017-11-06
CKP,1986-11-12,2016-05-13
CL,1977-01-03,2017-11-06
CLC,1990-03-26,2017-02-27
CLCT,1999-11-05,2017-11-06
CLD,2009-11-20,2017-11-06
CLDT,2010-04-16,2017-11-06
CLDX,1990-03-26,2017-11-06
CLF,1987-11-05,2017-11-06
CLFD,1986-08-07,2017-11-06
CLGX,1990-03-23,2017-11-06
CLH,1990-03-26,2017-11-06
CLI,1994-08-25,2017-11-06
CLMS,2004-10-28,2017-02-21
CLNE,2007-05-25,2017-11-06
CLNY,2009-09-24,2017-01-10
CLR,2007-05-15,2017-11-06
CLUB,2006-06-02,2017-11-06
CLVS,2011-11-16,2017-11-06
CLW,2008-12-05,2017-11-06
CLX,1983-03-21,2017-11-06
CMA,1990-03-26,2017-11-06
CMC,1987-11-05,2017-11-06
CMCO,1996-02-28,2017-11-06
CMCSA,1988-07-07,2017-11-06
CMCSK,1990-03-26,2015-12-11
CME,2002-12-06,2017-11-06
CMG,2006-01-26,2017-11-06
CMI,1984-12-18,2017-11-06
CMLS,2002-04-09,2017-11-06
CMN,1993-02-19,2016-12-02
CMO,1987-11-05,2017-11-06
CMP,2003-12-12,2017-11-06
CMRX,2013-04-11,2017-11-06
CMS,1984-12-31,2017-11-06
CMTL,1992-02-18,2017-11-06
CNA,1985-07-11,2017-11-06
CNBC,1996-05-30,2014-06-30
CNBKA,1990-03-27,2017-11-06
CNC,2001-12-13,2017-11-06
CNDO,2011-11-17,2015-04-27
CNK,2007-04-24,2017-11-06
CNL,1987-11-05,2016-04-13
CNMD,1990-03-26,2017-11-06
CNO,2003-09-10,2017-11-06
CNOB,1996-05-30,2017-11-06
CNP,1970-01-02,2017-11-06
CNQR,1998-12-16,2014-12-04
CNS,2004-08-16,2017-11-06
CNSI,2012-10-24,2015-09-08
CNSL,2005-07-22,2017-11-06
CNVR,2000-03-31,2014-12-10
CNW,1980-01-02,2015-10-29
CNX,1999-04-30,2017-04-25
COB,1996-11-15,2016-10-25
COBZ,1998-06-18,2017-11-06
COCO,1999-02-05,2015-02-13
CODE,2010-05-18,2015-03-12
COF,1994-11-16,2017-11-06
COG,1990-02-08,2017-11-06
COH,2000-10-06,2017-10-30
COHR,1990-03-26,2017-11-06
COHU,1986-11-12,2017-11-06
COKE,1990-03-26,2017-11-06
COL,2001-06-15,2017-11-06
COLB,1992-06-16,2017-11-06
COLM,1998-03-27,2017-11-06
CONE,2013-01-18,2017-11-06
CONN,2003-11-25,2017-11-06
COO,1983-12-30,2017-11-06
COP,1981-12-31,2017-11-06
COR,2010-09-23,2017-11-06
CORE,2005-04-13,2017-11-06
CORR,2007-02-02,2017-11-06
CORT,2004-04-14,2017-11-06
COST,1986-07-09,2017-11-06
COTY,2013-06-13,2017-11-06
COUP,2016-10-06,2017-11-06
COV,2007-06-14,2015-01-26
COVS,2013-09-26,2017-07-26
COWN,2006-07-13,2017-11-06
CPA,2005-12-15,2017-11-06
CPB,1985-07-01,2017-11-06
CPE,1990-03-26,2017-11-06
CPF,1990-03-26,2017-11-06
CPGX,2015-07-02,2016-06-30
CPHD,2000-06-23,2016-11-04
CPK,1990-03-26,2017-11-06
CPLA,2006-11-10,2017-11-06
CPN,2008-01-10,2017-11-06
CPRT,1994-03-17,2017-11-06
CPS,2010-05-27,2017-11-06
CPSI,2002-05-21,2017-11-06
CPSS,1993-02-22,2017-11-06
CPST,2000-06-30,2017-11-06
CPT,1993-07-22,2017-11-06
CPWR,1992-12-16,2014-12-15
CQB,1986-08-01,2015-01-06
CR,1984-11-01,2017-11-06
CRAI,1998-04-24,2017-11-06
CRAY,1995-09-27,2017-11-06
CRCM,2014-01-24,2017-11-06
CRD_B,1990-01-12,2017-11-06
CREE,1993-02-09,2017-11-06
CRI,2003-10-28,2017-11-06
CRIS,2000-08-01,2017-11-06
CRK,1990-03-26,2017-11-06
CRL,2000-06-23,2017-11-06
CRM,2004-06-23,2017-11-06
CRMT,1993-11-09,2017-11-06
CROX,2006-02-08,2017-11-06
CRR,1996-04-23,2017-11-06
CRRC,1990-03-27,2015-06-05
CRRS,1999-05-03,2015-03-03
CRS,1987-11-05,2017-11-06
CRUS,1990-03-26,2017-11-06
CRVL,1991-06-28,2017-11-06
CRWN,2000-05-08,2016-04-29
CRY,1993-02-12,2017-11-06
CRZO,1997-08-06,2017-11-06
CSBK,2004-05-11,2017-11-06
CSC,1981-12-31,2017-03-31
CSCD,2004-12-15,2016-06-24
CSCO,1990-03-26,2017-11-06
CSE,2003-08-07,2014-04-07
CSFL,2001-01-30,2017-11-06
CSG,2013-05-21,2015-12-17
CSGP,1998-07-01,2017-11-06
CSGS,1996-02-28,2017-11-06
CSH,1987-12-30,2016-09-01
CSII,2006-06-28,2017-11-06
CSL,1987-11-05,2017-11-06
CSLT,2014-03-14,2017-11-06
CSOD,2011-03-17,2017-11-06
CSRA,2015-11-30,2017-11-06
CSS,1992-03-17,2017-11-06
CST,2013-04-17,2017-06-27
CSU,1997-10-31,2017-11-06
CSV,1996-08-09,2017-11-06
CSWC,1990-03-27,2017-11-06
CSX,1980-11-03,2017-11-06
CTAS,1990-03-26,2017-11-06
CTB,1987-11-05,2017-11-06
CTBI,1993-05-17,2017-11-06
CTCT,2007-10-12,2016-02-09
CTG,1988-01-05,2017-11-06
CTIC,1997-03-21,2017-11-06
CTL,1987-11-05,2017-11-06
CTO,1992-09-08,2017-11-06
CTRE,2014-05-29,2017-11-06
CTRL,2013-08-02,2017-11-06
CTRN,2005-05-18,2017-11-06
CTRX,2006-06-13,2015-07-23
CTS,1987-11-05,2017-11-06
CTSH,1998-06-19,2017-11-06
CTT,2013-12-12,2017-11-06
CTWS,1992-02-25,2017-11-06
CTXS,1995-12-08,2017-11-06
CUB,1989-02-21,2017-11-06
CUBE,2004-10-22,2017-11-06
CUBI,2012-03-14,2017-11-06
CUDA,2013-11-06,2017-11-06
CUI,1999-09-15,2017-11-06
CUNB,2005-11-10,2017-10-20
CUR,2007-03-30,2017-11-06
CUTR,2004-03-31,2017-11-06
CUZ,1990-03-26,2017-11-06
CVA,1992-03-17,2017-11-06
CVBF,1992-03-17,2017-11-06
CVC,1992-03-17,2016-06-20
CVCO,2003-07-01,2017-11-06
CVD,1996-12-17,2015-02-18
CVEO,2014-05-19,2017-11-06
CVG,1998-08-13,2017-11-06
CVGI,2004-08-09,2017-11-06
CVGW,2002-07-22,2017-11-06
CVI,2007-10-23,2017-11-06
CVLT,2006-09-22,2017-11-06
CVO,1995-09-22,2017-11-06
CVS,1984-12-17,2017-11-06
CVT,2013-08-09,2016-11-28
CVX,1970-01-02,2017-11-06
CW,1987-11-05,2017-11-06
CWCO,1995-06-01,2017-11-06
CWEI,1993-05-24,2017-04-24
CWH,2016-10-07,2017-11-06
CWST,1997-10-29,2017-11-06
CWT,1990-03-26,2017-11-06
CXO,2007-08-03,2017-11-06
CXW,1997-07-15,2017-11-06
CY,1989-04-05,2017-11-06
CYBX,1993-02-11,2015-10-16
CYH,2000-06-09,2017-11-06
CYN,1990-03-26,2015-10-30
CYNI,2013-05-09,2015-07-31
CYNO,2005-12-09,2017-03-22
CYS,2009-06-16,2017-11-06
CYT,1993-12-22,2015-12-08
CYTK,2004-04-30,2017-11-06
CYTR,1989-03-29,2017-11-06
CYTX,2000-11-16,2017-11-06
CZNC,1996-05-30,2017-11-06
CZR,2012-02-08,2017-11-06
D,1984-10-03,2017-11-06
DAKT,1994-02-10,2017-11-06
DAL,2007-05-03,2017-11-06
DAN,2008-01-02,2017-11-06
DAR,1994-09-09,2017-11-06
DATA,2013-05-17,2017-11-06
DAVE,1996-11-04,2017-11-06
DBD,1981-12-31,2017-11-06
DCI,1987-06-18,2017-11-06
DCO,1973-05-03,2017-11-06
DCOM,1996-06-26,2017-11-06
DCT,2006-12-13,2017-11-06
DD,1962-01-02,2017-08-31
DDD,1990-11-05,2017-11-06
DDR,1993-02-02,2017-11-06
DDS,1989-06-30,2017-11-06
DE,1972-06-01,2017-11-06
DECK,1993-10-15,2017-11-06
DEI,2006-10-25,2017-11-06
DEL,1996-12-12,2017-11-06
DELL,1988-08-17,2015-03-04
DENN,1998-01-08,2017-11-06
DEPO,1997-12-03,2017-11-06
DEST,1993-03-16,2017-11-06
DF,1996-04-17,2017-11-06
DFRG,2012-07-27,2017-11-06
DFS,2007-06-14,2017-11-06
DFT,2007-10-19,2017-09-13
DFZ,1992-03-16,2014-09-04
DG,2009-11-13,2017-11-06
DGAS,1990-03-26,2017-09-20
DGI,2009-05-14,2017-10-04
DGICA,2003-07-03,2017-11-06
DGII,1990-03-26,2017-11-06
DGX,1996-12-26,2017-11-06
DHI,1992-06-05,2017-11-06
DHIL,1997-05-09,2017-11-06
DHR,1987-11-05,2017-11-06
DHT,2005-10-13,2017-11-06
DHX,2007-07-26,2017-11-06
DIN,1991-07-12,2017-11-06
DIOD,1992-03-17,2017-11-06
DIS,1962-01-02,2017-11-06
DISCA,2005-07-08,2017-11-06
DISCK,2008-09-18,2017-11-06
DISH,1995-06-21,2017-11-06
DJCO,1992-02-25,2017-11-06
DK,2006-05-04,2017-11-06
DKS,2002-10-16,2017-11-06
DLB,2005-02-17,2017-11-06
DLLR,2005-01-28,2014-06-13
DLPH,2011-11-17,2017-11-06
DLR,2004-10-29,2017-11-06
DLTR,1995-03-09,2017-11-06
DLX,1987-07-23,2017-11-06
DMD,2011-01-27,2016-11-08
DMND,2005-07-21,2016-02-26
DMRC,1999-12-02,2017-11-06
DNB,1983-06-10,2017-04-25
DNDN,2000-06-19,2014-11-18
DNKN,2011-07-27,2017-11-06
DNR,1995-09-06,2017-11-06
DO,1995-10-11,2017-11-06
DOC,2013-07-19,2017-11-06
DOOR,2009-07-24,2017-11-06
DORM,1991-03-12,2017-11-06
DOV,1985-07-01,2017-11-06
DOW,1972-06-01,2017-08-31
DOX,1998-06-19,2017-11-06
DPS,2008-05-07,2017-11-06
DPZ,2004-07-13,2017-11-06
DRC,2005-08-05,2015-06-30
DRE,1987-11-05,2017-11-06
DRH,2005-05-26,2017-11-06
DRI,1995-05-09,2017-11-06
DRII,2013-07-19,2016-09-02
DRIV,1998-08-12,2015-02-12
DRL,1992-02-25,2015-02-27
DRNA,2014-01-30,2017-11-06
DRQ,1997-10-23,2017-11-06
DRTX,2012-07-19,2014-11-17
DSCI,1994-05-13,2017-02-23
DSPG,1994-02-14,2017-11-06
DST,1995-11-01,2017-11-06
DSW,2005-06-29,2017-11-06
DTE,1970-01-02,2017-11-06
DTLK,1999-08-06,2017-01-06
DTSI,2003-07-11,2016-12-01
DTV,2003-12-23,2017-04-25
DUK,1983-04-06,2017-11-06
DV,1991-06-28,2017-05-23
DVA,1995-10-31,2017-11-06
DVAX,2004-02-19,2017-11-06
DVN,1992-03-17,2017-11-06
DVR,2006-12-14,2014-10-29
DW,1989-05-03,2016-12-30
DWA,2004-10-28,2016-08-22
DWDP,2017-09-01,2017-11-06
DWRE,2012-03-15,2016-07-11
DWSN,1990-03-26,2017-11-06
DX,1989-06-30,2017-11-06
DXC,2017-04-03,2017-11-06
DXCM,2005-04-14,2017-11-06
DXLG,1992-02-25,2017-11-06
DXM,2013-05-01,2016-01-06
DXPE,1998-05-07,2017-11-06
DXYN,1990-03-26,2017-11-06
DY,1990-09-24,2017-11-06
DYAX,2000-08-15,2016-01-22
DYN,2012-10-03,2017-11-06
EA,1990-03-26,2017-11-06
EAC,2012-04-11,2016-11-18
EAT,1989-07-28,2017-11-06
EBAY,1998-09-24,2017-11-06
EBF,1987-09-24,2017-11-06
EBIO,2014-02-06,2017-11-06
EBIX,1990-03-26,2017-11-06
EBS,2006-11-15,2017-11-06
EBSB,2008-01-23,2017-11-06
EBTC,2005-02-14,2017-11-06
ECHO,2009-10-02,2017-11-06
ECL,1988-01-05,2017-11-06
ECOL,1990-03-26,2017-11-06
ECOM,2013-05-23,2017-11-06
ECPG,1999-07-09,2017-11-06
ECYT,2011-02-04,2017-11-06
ED,1970-01-02,2017-11-06
EDE,1973-05-03,2016-12-30
EDIG,1993-04-06,2015-03-06
EDMC,2009-10-02,2014-11-12
EDR,2005-01-26,2017-11-06
EE,1989-07-07,2017-11-06
EEFT,1997-03-07,2017-11-06
EFII,1992-10-02,2017-11-06
EFSC,2003-07-15,2017-11-06
EFX,1986-03-27,2017-11-06
EGAN,1999-09-23,2017-11-06
EGBN,1999-07-14,2017-11-06
EGHT,1997-07-02,2017-11-06
EGL,2012-07-18,2017-11-06
EGLT,2014-02-06,2017-11-06
EGN,1984-07-19,2017-11-06
EGOV,1999-07-15,2017-11-06
EGP,1992-03-17,2017-11-06
EGY,1993-01-29,2017-11-06
EHTH,2006-10-20,2017-11-06
EIG,2007-01-31,2017-11-06
EIGI,2013-10-25,2017-11-06
EIX,1980-01-02,2017-11-06
EL,1995-11-17,2017-11-06
ELGX,1996-06-21,2017-11-06
ELLI,2011-04-15,2017-11-06
ELNK,1997-01-22,2017-02-24
ELRC,1990-03-28,2016-08-10
ELS,1993-02-25,2017-11-06
ELX,1990-03-26,2015-05-05
ELY,1992-02-28,2017-11-06
EMC,1988-12-16,2016-09-06
EMCI,1990-03-26,2017-11-06
EME,1995-12-28,2017-11-06
EMN,1993-12-14,2017-11-06
EMR,1972-06-01,2017-11-06
END,2002-02-27,2014-10-07
ENDP,2000-07-18,2017-11-06
ENH,2003-02-28,2017-03-28
ENOC,2007-05-18,2017-08-07
ENPH,2012-03-30,2017-11-06
ENR,2000-03-27,2017-11-06
ENS,2004-08-02,2017-11-06
ENSG,2007-11-09,2017-11-06
ENT,2011-06-17,2017-11-06
ENTA,2013-03-21,2017-11-06
ENTG,2000-07-11,2017-11-06
ENTR,2007-12-07,2015-04-30
ENV,2010-07-29,2017-11-06
ENVE,1995-03-29,2014-10-16
ENZ,1980-06-12,2017-11-06
ENZN,1990-03-26,2016-05-19
EOG,1989-10-04,2017-11-06
EOPN,2012-07-26,2015-03-25
EOX,2004-08-10,2016-03-22
EPAM,2012-02-08,2017-11-06
EPAY,1999-02-12,2017-11-06
EPIQ,1997-02-04,2016-09-30
EPL,2009-09-23,2014-06-03
EPM,1997-01-13,2017-11-06
EPR,1997-11-18,2017-11-06
EPZM,2013-05-31,2017-11-06
EQIX,2000-08-11,2017-11-06
EQR,1993-08-12,2017-11-06
EQT,1987-11-05,2017-11-06
EQU,2000-04-25,2014-07-30
EQY,1998-05-14,2017-03-01
ERA,2013-01-22,2017-11-06
ERIE,1995-10-02,2017-11-06
ERII,2008-07-02,2017-11-06
EROS,2013-11-13,2017-11-06
ES,1984-08-29,2017-11-06
ESBF,1995-08-18,2015-02-10
ESC,1995-11-20,2014-07-30
ESCA,1992-02-25,2017-11-06
ESE,1990-10-01,2017-11-06
ESGR,1997-05-09,2017-11-06
ESI,1994-12-20,2016-09-06
ESIO,1990-03-26,2017-11-06
ESL,1973-05-03,2017-11-06
ESNT,2013-10-31,2017-11-06
ESPR,2013-06-26,2017-11-06
ESRT,2013-10-02,2017-11-06
ESRX,1992-06-09,2017-11-06
ESS,1994-06-07,2017-11-06
ESSA,2007-04-04,2017-11-06
ESV,1991-01-02,2017-04-25
ETFC,1996-08-16,2017-11-06
ETH,1993-03-16,2017-11-06
ETM,1999-01-29,2017-11-06
ETN,1972-06-01,2017-11-06
ETR,1972-06-01,2017-11-06
EV,1990-03-27,2017-11-06
EVC,2000-08-02,2017-11-06
EVDY,2014-03-28,2016-12-05
EVER,2012-05-03,2017-06-08
EVHC,2013-08-14,2017-11-06
EVR,2006-08-14,2017-11-06
EVRY,2012-05-16,2015-04-16
EVTC,2013-04-12,2017-11-06
EW,2000-03-27,2017-11-06
EWBC,1999-02-03,2017-11-06
EXAC,1996-05-30,2017-11-06
EXAM,2010-10-29,2016-07-27
EXAR,1990-03-26,2017-05-12
EXAS,2001-02-01,2017-11-06
EXC,1980-01-02,2017-11-06
EXEL,2000-04-17,2017-11-06
EXH,2007-08-21,2015-11-03
EXL,2010-04-23,2015-07-31
EXLS,2006-10-20,2017-11-06
EXP,1994-04-12,2017-11-06
EXPD,1990-03-26,2017-11-06
EXPE,2005-07-21,2017-11-06
EXPO,1990-08-17,2017-11-06
EXPR,2010-05-13,2017-11-06
EXR,2004-08-16,2017-11-06
EXTR,1999-04-09,2017-11-06
EXXI,2007-06-01,2017-11-06
EZPW,1991-08-27,2017-11-06
F,1972-06-01,2017-11-06
FAF,2010-05-28,2017-11-06
FANG,2012-10-12,2017-11-06
FARM,1990-03-26,2017-11-06
FARO,1997-09-18,2017-11-06
FAST,1990-03-26,2017-11-06
FB,2012-05-18,2017-11-06
FBC,1997-04-30,2017-11-06
FBHS,2011-09-16,2017-11-06
FBIZ,2005-11-09,2017-11-06
FBNC,1992-12-09,2017-11-06
FBNK,2011-06-30,2017-11-06
FBP,1992-02-25,2017-11-06
FBRC,2007-06-08,2017-06-01
FC,1992-06-03,2017-11-06
FCBC,1997-05-09,2017-11-06
FCE_A,1983-10-25,2017-11-06
FCEL,1997-02-27,2017-11-06
FCF,1992-06-10,2017-11-06
FCFS,1992-08-17,2017-11-06
FCH,1994-07-22,2017-08-31
FCN,1996-05-09,2017-11-06
FCNCA,1992-02-25,2017-11-06
FCS,1999-08-04,2016-09-19
FCSC,2009-10-21,2017-11-06
FCX,1995-07-10,2017-11-06
FDEF,1993-07-21,2017-11-06
FDML,2008-01-02,2017-01-23
FDO,1985-02-25,2015-07-06
FDP,1997-10-24,2017-11-06
FDS,1996-06-28,2017-11-06
FDUS,2011-06-21,2017-11-06
FDX,1978-04-12,2017-11-06
FE,1997-11-10,2017-11-06
FEIC,1995-06-01,2016-09-19
FELE,1990-03-26,2017-11-06
FET,2012-04-12,2017-11-06
FF,2011-03-23,2017-11-06
FFBC,1990-03-26,2017-11-06
FFBH,1996-05-06,2014-06-02
FFG,1996-07-19,2017-11-06
FFIC,1995-11-21,2017-11-06
FFIN,1993-11-01,2017-11-06
FFIV,1999-06-04,2017-11-06
FFKT,1993-03-04,2017-11-06
FFNW,2007-10-10,2017-11-06
FGL,2013-12-13,2017-11-06
FHCO,1999-02-11,2017-08-04
FHN,1990-03-26,2017-11-06
FIBK,2010-03-24,2017-11-06
FICO,1992-02-25,2017-11-06
FII,1998-05-14,2017-11-06
FINL,1992-06-09,2017-11-06
FIO,2011-06-09,2014-07-23
FIS,2001-06-20,2017-11-06
FISI,1999-06-25,2017-11-06
FISV,1990-03-26,2017-11-06
FITB,1990-03-26,2017-11-06
FIVE,2012-07-19,2017-11-06
FIVN,2014-04-04,2017-11-06
FIX,1997-06-27,2017-11-06
FIZZ,1991-09-16,2017-11-06
FL,1970-01-02,2017-11-06
FLDM,2011-02-10,2017-11-06
FLIC,1995-08-18,2017-11-06
FLIR,1993-06-22,2017-11-06
FLO,1987-11-05,2017-11-06
FLR,2000-12-01,2017-11-06
FLS,1990-03-26,2017-11-06
FLT,2010-12-15,2017-11-06
FLTX,2012-10-09,2016-11-04
FLWS,1999-08-03,2017-11-06
FLXN,2014-02-12,2017-11-06
FLXS,1992-02-25,2017-11-06
FMBI,1990-03-26,2017-11-06
FMC,1985-07-01,2017-11-06
FMD,2003-10-31,2016-08-22
FMER,1989-03-29,2016-08-15
FMI,2013-09-25,2017-11-06
FN,2010-06-25,2017-11-06
FNB,1993-03-04,2017-11-06
FNF,2005-10-14,2017-11-06
FNFG,1998-04-21,2016-07-29
FNGN,2010-03-16,2017-11-06
FNHC,1998-11-05,2017-11-06
FNLC,1999-07-14,2017-11-06
FNSR,1999-11-12,2017-11-06
FOE,1987-11-05,2017-11-06
FOLD,2007-05-31,2017-11-06
FOR,2007-12-13,2017-11-06
FORM,2003-06-12,2017-11-06
FORR,1996-11-27,2017-11-06
FOSL,1993-04-08,2017-04-25
FOX,1987-12-30,2017-11-06
FOXA,1996-03-11,2017-11-06
FOXF,2013-08-08,2017-11-06
FPO,2003-10-23,2017-09-29
FPRX,2013-09-18,2017-11-06
FR,1994-06-24,2017-11-06
FRAN,2011-07-22,2017-11-06
FRBK,1995-08-18,2017-11-06
FRC,2010-12-09,2017-11-06
FRED,1992-03-19,2017-11-06
FRF,2010-12-17,2014-12-03
FRGI,2012-04-26,2017-11-06
FRM,1977-05-16,2016-02-29
FRME,1992-02-25,2017-11-06
FRNK,2011-04-28,2015-01-02
FRO,2001-08-06,2017-11-06
FRP,2011-01-25,2017-07-03
FRSH,2014-05-02,2017-11-06
FRT,1973-05-03,2017-11-06
FRX,1988-04-19,2014-06-30
FSC,2008-06-12,2017-10-17
FSGI,2005-08-10,2015-10-30
FSL,2011-05-26,2015-12-07
FSLR,2006-11-17,2017-04-25
FSP,2005-06-02,2017-11-06
FSS,1982-03-01,2017-11-06
FST,1990-03-26,2014-12-15
FSTR,1990-03-26,2017-11-06
FSYS,1986-09-16,2016-06-01
FTD,2013-10-10,2017-11-06
FTI,2001-06-15,2017-11-06
FTK,2005-07-27,2017-11-06
FTNT,2009-11-18,2017-11-06
FTR,1990-03-26,2017-04-25
FTV,2016-07-05,2017-11-06
FUBC,2008-04-10,2014-10-31
FUEL,2013-09-20,2017-09-05
FUL,1990-03-26,2017-11-06
FULT,1990-03-26,2017-11-06
FUR,1973-05-03,2016-08-01
FURX,2010-06-01,2014-07-02
FVE,2001-12-17,2017-11-06
FWM,2013-04-17,2016-05-13
FWRD,1993-11-16,2017-11-06
FXCB,2006-10-02,2016-06-30
FXCM,2010-12-02,2017-02-24
FXEN,1996-06-11,2015-12-31
G,2007-08-02,2017-11-06
GABC,1993-05-21,2017-11-06
GAIA,1999-10-29,2017-11-06
GAIN,2005-06-23,2017-11-06
GALE,2008-03-12,2017-11-06
GALT,2002-09-09,2017-11-06
GARS,2013-03-27,2017-11-06
GAS,1973-05-03,2016-06-30
GB,2000-09-29,2016-06-30
GBCI,1992-01-27,2017-11-06
GBDC,2010-04-15,2017-11-06
GBL,1999-02-11,2017-11-06
GBLI,2003-12-16,2017-11-06
GBNK,2005-10-03,2017-11-06
GBX,1994-07-14,2017-11-06
GCA,2005-09-23,2015-08-21
GCAP,2010-12-15,2017-11-06
GCI,1985-07-01,2017-04-25
GCO,1985-07-01,2017-11-06
GD,1977-01-03,2017-11-06
GDOT,2010-07-22,2017-11-06
GDP,1987-12-30,2017-11-06
GE,1962-01-02,2017-11-06
GEF,1996-02-28,2017-11-06
GEO,1994-07-28,2017-11-06
GEOS,1997-11-21,2017-11-06
GERN,1996-07-31,2017-11-06
GES,1996-08-08,2017-11-06
GEVA,2011-07-01,2015-06-22
GFF,1973-05-03,2017-11-06
GFIG,2005-02-01,2015-04-09
GFN,2006-07-06,2017-11-06
GGG,1986-07-09,2017-11-06
GGP,1993-04-08,2017-11-06
GHC,1990-01-24,2017-11-06
GHDX,2005-09-29,2017-11-06
GHL,2004-05-06,2017-11-06
GHM,1992-03-17,2017-11-06
GIFI,1997-04-04,2017-11-06
GIII,1990-03-26,2017-11-06
GILD,1992-01-22,2017-11-06
GIMO,2013-06-12,2017-11-06
GIS,1983-06-10,2017-11-06
GK,1990-03-26,2017-03-21
GLAD,2002-08-02,2017-11-06
GLDD,2006-12-27,2017-11-06
GLF,1997-05-01,2017-04-10
GLNG,2003-07-15,2017-11-06
GLOG,2012-03-30,2017-11-06
GLPW,2008-02-19,2016-03-30
GLRE,2007-05-24,2017-11-06
GLRI,2012-10-17,2016-09-29
GLT,1984-05-16,2017-11-06
GLUU,2007-03-22,2017-11-06
GLW,1981-12-31,2017-11-06
GM,2010-11-18,2017-11-06
GMAN,2010-08-05,2017-03-21
GMCR,1993-09-27,2016-03-02
GME,2002-02-13,2017-11-06
GMED,2012-08-03,2017-11-06
GMO,2005-02-17,2017-11-06
GMT,1987-11-05,2016-06-30
GNC,2011-04-01,2017-11-06
GNCA,2014-02-05,2017-11-06
GNCMA,1995-08-18,2017-11-06
GNE,2011-10-26,2017-11-06
GNMK,2010-05-28,2017-11-06
GNRC,2010-02-11,2017-11-06
GNTX,1990-03-26,2017-11-06
GNW,2004-05-25,2017-04-25
GOGO,2013-06-21,2017-11-06
GOLD,2002-07-30,2017-11-06
GOOD,2003-08-14,2017-11-06
GOOG,2014-03-27,2017-11-06
GOOGL,2004-08-19,2017-11-06
GORO,2006-09-14,2017-11-06
GOV,2009-06-04,2017-11-06
GPC,1983-04-06,2017-11-06
GPI,1997-10-30,2017-11-06
GPK,1992-12-10,2017-11-06
GPN,2001-01-16,2017-11-06
GPOR,1999-03-03,2017-11-06
GPRE,2006-03-15,2017-11-06
GPS,1987-07-23,2017-11-06
GPT,2004-08-02,2017-11-06
GPX,1992-03-17,2017-11-06
GRA,1982-01-04,2017-11-06
GRC,1992-03-17,2017-11-06
GRIF,1997-06-18,2017-11-06
GRMN,2000-12-08,2017-11-06
GRPN,2011-11-04,2017-11-06
GRT,1994-01-20,2015-01-15
GRUB,2014-04-04,2017-11-06
GS,1999-05-04,2017-11-06
GSAT,2014-04-04,2017-11-06
GSBC,1990-03-26,2017-11-06
GSBD,2015-03-18,2017-11-06
GSIG,1999-03-24,2016-05-11
GSIT,2007-03-29,2017-11-06
GSM,2009-07-30,2017-11-06
GSOL,2000-04-17,2017-08-28
GST,2006-01-05,2017-11-06
GSVC,2011-04-28,2017-11-06
GT,1970-01-02,2017-11-06
GTAT,2008-07-25,2014-10-15
GTI,1995-08-10,2015-08-14
GTIV,2000-02-10,2015-02-02
GTLS,2006-07-26,2017-11-06
GTN,2002-08-30,2017-11-06
GTS,2007-12-07,2017-11-06
GTT,2006-11-29,2017-11-06
GTXI,2004-02-03,2017-11-06
GTY,1973-05-03,2017-11-06
GUID,2006-12-13,2017-09-13
GVA,1992-02-25,2017-11-06
GWR,1996-06-25,2017-11-06
GWRE,2012-01-25,2017-11-06
GWW,1984-12-17,2017-11-06
GXP,1987-11-05,2017-11-06
GY,1981-02-02,2015-04-24
H,2009-11-05,2017-11-06
HA,1995-06-21,2017-11-06
HAE,1991-05-10,2017-11-06
HAFC,1997-05-09,2017-11-06
HAIN,1994-01-20,2017-11-06
HAL,1972-06-01,2017-11-06
HALL,1995-08-18,2017-11-06
HALO,2004-03-16,2017-11-06
HAR,1986-11-14,2017-03-10
HAS,1984-12-18,2017-11-06
HASI,2013-04-18,2017-11-06
HAWK,2013-04-19,2017-11-06
HAYN,2007-03-21,2017-11-06
HBAN,1990-03-26,2017-11-06
HBCP,2008-10-08,2017-11-06
HBHC,1991-06-04,2017-11-06
HBI,2006-09-06,2017-11-06
HBIO,2001-03-19,2017-11-06
HBNC,2002-01-09,2017-11-06
HCA,2011-03-10,2017-11-06
HCBK,1999-07-13,2015-10-30
HCC,1992-10-28,2017-11-06
HCCI,2008-03-12,2017-11-06
HCI,2008-09-15,2017-11-06
HCKT,1998-05-28,2017-11-06
HCN,1992-03-17,2017-11-06
HCOM,2011-01-26,2017-11-06
HCP,1987-11-05,2017-11-06
HCSG,1990-03-26,2017-11-06
HCT,2014-04-07,2015-01-16
HD,1981-09-22,2017-11-06
HDNG,1995-05-25,2017-11-06
HE,1987-11-05,2017-11-06
HEAR,2010-11-15,2017-11-06
HEES,2006-01-31,2017-11-06
HEI,1992-03-17,2017-11-06
HELE,1990-03-26,2017-11-06
HELI,2014-01-17,2016-02-01
HEOP,1999-04-23,2017-03-31
HERO,2005-10-27,2016-06-14
HES,1983-04-06,2017-11-06
HF,2007-01-31,2017-11-06
HFC,1992-03-17,2017-11-06
HFWA,1998-05-07,2017-11-06
HGG,2007-07-20,2017-02-27
HGR,1992-03-17,2016-02-26
HHC,2010-11-05,2017-11-06
HHS,1993-11-04,2017-11-06
HI,2008-03-28,2017-11-06
HIBB,1996-10-11,2017-11-06
HIFS,1992-02-25,2017-11-06
HIG,1995-12-15,2017-11-06
HII,2011-03-22,2017-11-06
HIIQ,2013-02-08,2017-11-06
HIL,2004-08-12,2017-11-06
HILL,1997-09-17,2015-10-05
HITK,1992-08-04,2014-04-17
HITT,2005-07-22,2014-07-22
HIVE,2014-03-28,2017-11-06
HIW,1994-06-08,2017-11-06
HK,2004-06-16,2017-11-06
HL,1985-02-14,2017-11-06
HLF,2004-12-16,2017-11-06
HLIT,1995-05-24,2017-11-06
HLS,1989-09-13,2017-11-06
HLSS,2012-02-29,2015-04-28
HLT,2017-06-19,2017-11-06
HLX,1997-07-01,2017-11-06
HME,1994-08-01,2015-10-07
HMHC,2013-11-14,2017-11-06
HMN,1991-11-15,2017-11-06
HMPR,2003-10-15,2016-07-29
HMST,2012-02-10,2017-11-06
HMSY,1992-12-18,2017-11-06
HMTV,2013-04-05,2017-11-06
HNH,2005-08-22,2017-10-12
HNI,1990-03-26,2017-11-06
HNR,1989-11-07,2017-05-04
HNRG,1997-01-20,2017-11-06
HNT,1991-11-07,2016-03-23
HOFT,2002-06-27,2017-11-06
HOG,1987-11-05,2017-11-06
HOLX,1990-03-26,2017-11-06
HOMB,2006-06-23,2017-11-06
HOME,2016-08-04,2017-11-06
HON,1970-01-02,2017-11-06
HOS,2004-03-26,2017-11-06
HOT,1987-11-05,2016-09-22
HOV,1992-03-17,2017-11-06
HP,1980-10-15,2017-11-06
HPE,2015-11-02,2017-11-06
HPP,2010-06-24,2017-11-06
HPQ,1962-01-02,2017-11-06
HPT,1995-08-17,2017-11-06
HPTX,2012-07-26,2015-05-07
HPY,2005-08-16,2016-04-22
HR,1993-05-27,2017-11-06
HRB,1986-11-12,2017-11-06
HRC,1987-03-02,2017-11-06
HRG,1983-04-06,2017-11-06
HRL,1990-01-02,2017-11-06
HRS,1981-12-31,2017-11-06
HRTG,2014-05-23,2017-11-06
HRTX,1987-08-27,2017-11-06
HRZN,2010-10-29,2017-11-06
HSC,1987-11-05,2017-11-06
HSH,1986-05-05,2014-08-29
HSIC,1995-11-03,2017-11-06
HSII,1999-04-27,2017-11-06
HSNI,2008-08-12,2017-11-06
HSP,2004-05-03,2015-09-02
HST,1983-04-06,2017-11-06
HSTM,2000-04-11,2017-11-06
HSY,1985-07-01,2017-11-06
HT,1999-01-21,2017-11-06
HTA,2012-06-06,2017-11-06
HTBI,2012-07-11,2017-11-06
HTBK,1998-07-20,2017-11-06
HTCH,1990-03-26,2016-10-05
HTCO,1995-03-29,2014-05-07
HTGC,2005-06-09,2017-11-06
HTH,2004-02-19,2017-11-06
HTLD,1990-03-26,2017-11-06
HTLF,1999-01-04,2017-11-06
HTS,2008-04-30,2016-07-11
HTWR,2008-06-24,2016-08-23
HTZ,2006-11-16,2017-11-06
HUB_B,1981-02-11,2015-12-23
HUBG,1996-03-13,2017-11-06
HUM,1981-12-31,2017-11-06
HUN,2005-02-14,2017-11-06
HURC,1989-09-05,2017-11-06
HURN,2004-10-13,2017-11-06
HVB,1999-12-13,2015-06-30
HVT,1992-02-25,2017-11-06
HW,1995-08-24,2017-05-05
HWAY,1991-08-13,2017-01-10
HWCC,2006-06-15,2017-11-06
HWKN,1993-10-27,2017-11-06
HXL,1987-11-05,2017-11-06
HY,2012-10-01,2017-11-06
HZNP,2011-07-28,2017-11-06
HZO,1998-06-03,2017-11-06
I,2013-04-18,2017-11-06
IACI,1993-01-19,2016-01-20
IART,1995-08-16,2017-11-06
IBCA,1998-06-03,2015-02-10
IBCP,2010-02-02,2017-11-06
IBKC,1995-04-10,2017-11-06
IBKR,2007-05-04,2017-11-06
IBM,1962-01-02,2017-11-06
IBOC,1996-05-30,2017-11-06
IBP,2014-02-13,2017-11-06
IBTX,2013-04-04,2017-11-06
ICE,2005-11-16,2017-11-06
ICEL,2013-07-25,2015-05-01
ICFI,2006-09-28,2017-11-06
ICGE,1999-08-05,2014-09-02
ICON,1990-03-06,2017-11-06
ICPT,2012-10-11,2017-11-06
ICUI,1992-03-31,2017-11-06
IDA,1986-10-17,2017-11-06
IDCC,1990-03-26,2017-11-06
IDIX,2004-07-22,2014-08-05
IDRA,1996-01-25,2017-11-06
IDT,2001-05-16,2017-11-06
IDTI,1990-03-26,2017-11-06
IDXX,1991-06-24,2017-11-06
IEX,1989-06-30,2017-11-06
IFF,1981-12-31,2017-11-06
IFT,2011-02-08,2015-08-31
IG,1990-04-17,2015-10-23
IGT,1990-03-26,2017-11-06
IGTE,1996-12-17,2015-07-01
IHC,1990-03-26,2017-11-06
IHS,2005-11-14,2016-07-12
III,2007-02-12,2017-11-06
IIIN,1992-03-17,2017-11-06
IILG,2008-08-12,2016-10-14
IIVI,1990-03-26,2017-11-06
IL,2010-08-06,2017-01-19
ILMN,2000-07-28,2017-11-06
IM,1996-11-01,2016-12-05
IMGN,1990-03-26,2017-11-06
IMI,2011-11-18,2017-11-06
IMKTA,1990-03-26,2017-11-06
IMMR,1999-11-12,2017-11-06
IMMU,1990-03-26,2017-11-06
IMN,1996-06-26,2017-02-21
IMPV,2011-11-09,2017-11-06
INAP,1999-09-29,2017-11-06
INCY,1993-11-04,2017-11-06
INDB,1990-03-27,2017-11-06
INFA,1999-04-29,2015-08-06
INFI,2000-07-28,2017-11-06
INFN,2007-06-07,2017-11-06
INFO,2017-06-02,2017-11-06
INGN,2014-02-14,2017-11-06
INGR,1997-12-11,2017-11-06
ININ,1999-09-23,2016-12-01
INN,2011-02-09,2017-11-06
INO,1998-12-08,2017-11-06
INSM,2000-06-01,2017-11-06
INSY,2000-04-14,2017-11-06
INT,1990-07-30,2017-11-06
INTC,1980-03-17,2017-11-06
INTL,1996-11-15,2017-11-06
INTU,1993-03-22,2017-11-06
INTX,2004-04-30,2017-11-06
INVN,2011-11-16,2017-05-17
INWK,2006-08-16,2017-11-06
IO,1991-04-02,2017-11-06
IOSP,1998-05-13,2017-11-06
IP,1970-01-02,2017-11-06
IPAR,1991-08-20,2017-11-06
IPCC,2003-02-12,2017-11-06
IPCM,2008-01-25,2015-11-20
IPG,1987-11-05,2017-11-06
IPGP,2006-12-13,2017-11-06
IPHI,2010-11-12,2017-11-06
IPHS,2006-11-02,2017-11-06
IPI,2008-04-22,2017-11-06
IPXL,1995-12-19,2017-11-06
IQNT,2007-11-02,2017-02-09
IR,1985-07-01,2017-11-06
IRBT,2005-11-09,2017-11-06
IRC,2004-05-05,2016-03-30
IRDM,2008-03-20,2017-11-06
IRET,1997-10-17,2017-11-06
IRF,1987-11-05,2015-01-13
IRG,2012-05-11,2017-03-13
IRM,1996-02-01,2017-11-06
IRWD,2010-02-03,2017-11-06
ISBC,2005-10-12,2017-11-06
ISCA,1997-03-10,2017-11-06
ISH,1991-10-24,2015-12-18
ISIL,2000-02-25,2017-02-23
ISIS,1991-05-17,2015-12-21
ISLE,1992-10-06,2017-05-01
ISRG,2000-06-16,2017-11-06
ISRL,1995-08-18,2017-11-06
ISSC,2000-08-04,2017-11-06
ISSI,1995-02-03,2015-12-04
IT,1993-10-05,2017-11-06
ITC,2005-07-26,2016-10-13
ITCI,2014-01-07,2017-11-06
ITG,1994-05-04,2017-11-06
ITIC,1990-03-27,2017-11-06
ITMN,2000-03-24,2014-09-29
ITRI,1993-11-05,2017-11-06
ITT,1995-12-18,2017-11-06
ITW,1987-11-05,2017-11-06
IVAC,1995-11-21,2017-11-06
IVC,1990-03-26,2017-11-06
IVR,2009-07-01,2017-11-06
IVZ,1995-08-25,2017-11-06
IXYS,1998-09-24,2017-11-06
JACK,1992-03-05,2017-11-06
JAH,1993-03-29,2016-04-15
JAKK,1996-05-02,2017-11-06
JBHT,1990-03-26,2017-11-06
JBL,1993-05-03,2017-11-06
JBLU,2002-04-12,2017-11-06
JBSS,1991-12-04,2017-11-06
JBT,2008-07-22,2017-11-06
JCI,1985-03-27,2017-11-06
JCOM,1999-07-23,2017-11-06
JCP,1982-01-04,2017-11-06
JDSU,1993-11-17,2015-08-03
JEC,1990-01-12,2017-11-06
JGW,2013-11-08,2016-06-17
JIVE,2011-12-13,2017-06-09
JJSF,1990-03-26,2017-11-06
JKHY,1990-03-26,2017-11-06
JLL,1997-07-17,2017-11-06
JMBA,2005-07-28,2017-11-06
JNJ,1970-01-02,2017-11-06
JNPR,1999-06-25,2017-11-06
JNS,2000-06-26,2017-05-26
JNY,1991-05-16,2014-04-08
JOE,1992-03-10,2017-11-06
JONE,2013-07-24,2017-11-06
JOUT,1990-03-26,2017-11-06
JOY,2001-05-25,2017-04-05
JPM,1983-12-30,2017-11-06
JRN,2003-09-24,2015-03-31
JW_A,1990-03-26,2017-11-06
JWN,1986-07-09,2017-11-06
K,1984-12-17,2017-11-06
KAI,1992-11-03,2017-11-06
KALU,2006-07-07,2017-11-06
KAMN,1990-03-26,2017-11-06
KAR,2009-12-11,2017-11-06
KBALB,1990-03-26,2014-10-31
KBH,1987-11-05,2017-11-06
KBR,2006-11-16,2017-11-06
KCG,2013-06-28,2017-07-19
KCLI,1995-08-18,2015-12-31
KEG,1992-03-17,2017-11-06
KELYA,1990-03-26,2017-11-06
KEM,1992-10-26,2017-11-06
KERX,2000-07-28,2017-11-06
KEX,1991-08-21,2017-11-06
KEY,1987-11-05,2017-11-06
KEYW,2010-10-01,2017-11-06
KFRC,1995-08-15,2017-11-06
KFX,2013-12-05,2015-05-21
KFY,1999-02-11,2017-11-06
KHC,2015-07-06,2017-11-06
KIM,1991-11-22,2017-11-06
KIN,2013-12-12,2017-11-06
KIRK,2002-07-30,2017-11-06
KKD,2000-04-05,2016-07-27
KLAC,1990-03-26,2017-11-06
KMB,1984-12-17,2017-11-06
KMG,1997-01-28,2017-11-06
KMI,2011-02-11,2017-11-06
KMPR,1991-09-18,2017-11-06
KMT,1987-11-05,2017-11-06
KMX,1997-02-04,2017-11-06
KND,2001-05-01,2017-11-06
KNL,2004-12-14,2017-11-06
KNX,1994-10-25,2017-11-06
KO,1962-01-02,2017-11-06
KODK,2013-09-23,2017-11-06
KOG,2006-05-15,2014-12-05
KOP,2006-02-01,2017-11-06
KOPN,1992-04-15,2017-11-06
KORS,2011-12-15,2017-11-06
KOS,2011-05-11,2017-11-06
KPTI,2013-11-06,2017-11-06
KR,1977-01-03,2017-11-06
KRA,2009-12-17,2017-11-06
KRC,1997-01-30,2017-11-06
KRFT,2012-09-17,2015-07-02
KRG,2004-08-12,2017-11-06
KRNY,2005-02-24,2017-11-06
KRO,2003-12-09,2017-11-06
KS,2007-03-01,2017-11-06
KSS,1992-05-19,2017-11-06
KSU,1987-11-05,2017-11-06
KTOS,1999-11-05,2017-11-06
KTWO,2014-05-08,2017-11-06
KVHI,1996-04-02,2017-11-06
KW,2007-12-03,2017-11-06
KWK,1992-03-17,2015-01-07
KWR,1990-03-26,2017-11-06
KYTH,2012-10-16,2015-10-01
L,1987-07-10,2017-11-06
LABL,1990-03-26,2017-11-06
LAD,1996-12-18,2017-11-06
LADR,2014-02-06,2017-11-06
LAMR,1996-08-02,2017-11-06
LANC,1990-03-26,2017-11-06
LAYN,1992-08-20,2017-11-06
LAZ,2005-05-05,2017-11-06
LB,1985-07-01,2017-11-06
LBAI,1999-01-04,2017-11-06
LBMH,2007-09-04,2016-01-21
LBTYA,2004-06-03,2017-11-06
LBY,1993-06-18,2017-11-06
LCI,1997-01-02,2017-11-06
LCNB,1999-10-26,2017-11-06
LCUT,1991-06-05,2017-11-06
LDL,1990-01-12,2017-11-06
LDOS,2006-10-17,2017-11-06
LDR,1992-03-17,2017-10-18
LDRH,2013-10-09,2016-07-12
LE,2014-03-20,2017-11-06
LEA,2009-11-09,2017-11-06
LEAF,2013-10-16,2015-11-25
LECO,1995-06-13,2017-11-06
LEE,1987-11-05,2017-11-06
LEG,1987-11-05,2017-11-06
LEN,1987-11-05,2017-11-06
LF,2002-07-25,2016-04-04
LFUS,1992-09-23,2017-11-06
LFVN,2004-10-05,2017-11-06
LG,1987-11-05,2016-04-28
LGF,1998-11-17,2016-12-08
LGIH,2013-11-07,2017-11-06
LGND,1992-11-18,2017-11-06
LH,1990-03-29,2017-11-06
LHCG,2005-06-09,2017-11-06
LHO,1998-04-24,2017-11-06
LIFE,2015-05-07,2017-04-25
LII,1999-07-29,2017-11-06
LINC,2005-06-23,2017-11-06
LINTA,2006-05-10,2014-10-06
LION,1994-10-31,2017-11-06
LIOX,1999-08-20,2017-02-28
LKFN,1997-08-14,2017-11-06
LKQ,2003-10-06,2017-11-06
LL,2007-11-09,2017-11-06
LLEN,2009-01-05,2015-03-06
LLL,1998-05-19,2017-11-06
LLNW,2007-06-08,2017-11-06
LLTC,1990-03-26,2017-03-10
LLY,1972-06-01,2017-11-06
LM,1987-11-05,2017-11-06
LMCA,2013-01-10,2017-01-24
LMIA,1998-06-30,2017-06-26
LMNR,2003-10-07,2017-11-06
LMNX,2000-04-06,2017-11-06
LMOS,2011-10-31,2017-11-06
LMT,1977-01-03,2017-11-06
LNC,1984-10-05,2017-11-06
LNCE,1990-03-26,2017-11-06
LNDC,1996-02-15,2017-11-06
LNG,1994-04-04,2017-11-06
LNKD,2011-05-19,2016-12-07
LNN,1990-03-26,2017-11-06
LNT,1988-01-05,2017-11-06
LO,2008-06-10,2015-06-11
LOCK,2012-10-03,2017-02-08
LOGM,2009-07-01,2017-11-06
LOPE,2008-11-20,2017-11-06
LORL,2005-07-27,2017-11-06
LOV,2006-02-14,2017-11-02
LOW,1985-07-01,2017-11-06
LPG,2014-05-08,2017-11-06
LPI,2011-12-15,2017-11-06
LPLA,2010-11-18,2017-11-06
LPNT,1999-05-12,2017-11-06
LPSN,2000-04-07,2017-11-06
LPX,1982-01-04,2017-11-06
LQ,2014-04-09,2017-11-06
LQDT,2006-02-27,2017-11-06
LRCX,1990-03-26,2017-11-06
LRN,2007-12-13,2017-11-06
LSCC,1990-03-26,2017-11-06
LSI,1995-06-21,2017-04-25
LSTR,1993-03-05,2017-11-06
LTC,1992-08-25,2017-11-06
LTM,2004-07-26,2017-11-06
LTS,1999-08-25,2017-11-06
LTXC,1990-03-26,2014-05-21
LUB,1985-07-01,2017-11-06
LUK,1987-11-05,2017-11-06
LUV,1980-01-02,2017-11-06
LVLT,1998-03-31,2017-10-31
LVNTA,2012-08-10,2017-11-06
LVS,2004-12-15,2017-11-06
LWAY,1995-08-18,2017-11-06
LXFT,2013-06-26,2017-11-06
LXK,1995-11-15,2016-11-28
LXP,1993-10-22,2017-11-06
LXRX,2000-04-07,2017-11-06
LXU,1980-01-02,2017-11-06
LYB,2010-04-28,2017-11-06
LYTS,1990-03-26,2017-11-06
LYV,2005-12-21,2017-11-06
LZB,1988-01-05,2017-11-06
M,1992-02-05,2017-11-06
MA,2006-05-25,2017-11-06
MAA,1994-01-28,2017-11-06
MAC,1994-03-10,2017-11-06
MACK,2012-03-29,2017-11-06
MAIN,2007-10-09,2017-11-06
MAN,1988-10-05,2017-11-06
MANH,1998-04-23,2017-11-06
MANT,2002-02-07,2017-11-06
MAR,1993-10-13,2017-11-06
MAS,1983-06-10,2017-11-06
MASI,2007-08-08,2017-11-06
MAT,1982-01-04,2017-11-06
MATW,1994-08-10,2017-11-06
MATX,1973-05-03,2017-11-06
MBFI,1995-04-07,2017-11-06
MBI,1987-07-02,2017-11-06
MBII,2013-08-02,2017-11-06
MBRG,2001-01-03,2017-03-31
MBUU,2014-01-31,2017-11-06
MBVT,1993-03-25,2017-05-12
MBWM,1999-07-20,2017-11-06
MC,2014-04-16,2017-11-06
MCBC,1998-05-20,2017-11-06
MCC,2011-01-21,2017-11-06
MCD,1970-01-02,2017-11-06
MCF,1994-04-04,2017-11-06
MCGC,2001-11-30,2015-08-17
MCHP,1993-03-19,2017-11-06
MCHX,2004-03-31,2017-11-06
MCK,1994-11-15,2017-11-06
MCO,1994-10-31,2017-11-06
MCP,2010-07-29,2015-06-24
MCRI,1993-08-10,2017-11-06
MCRL,1994-12-09,2015-08-03
MCRS,1990-03-26,2014-09-08
MCS,1990-03-29,2017-11-06
MCY,1990-03-26,2017-11-06
MD,1995-09-20,2017-11-06
MDAS,2007-12-13,2016-01-27
MDC,1980-03-11,2017-11-06
MDCA,1995-04-17,2017-11-06
MDCI,1986-07-22,2014-09-30
MDCO,2000-08-08,2017-11-06
MDLZ,2001-06-13,2017-11-06
MDP,1985-07-01,2017-11-06
MDR,1982-12-31,2017-11-06
MDRX,1999-07-26,2017-11-06
MDSO,2009-06-25,2017-11-06
MDT,1981-12-31,2017-11-06
MDU,1987-11-05,2017-11-06
MDVN,1997-01-13,2016-09-28
MDW,2007-10-19,2015-06-19
MDXG,2008-02-12,2017-11-06
MEAS,1993-04-26,2014-10-09
MED,1993-12-31,2017-11-06
MEG,1975-09-09,2017-01-17
MEI,1990-03-23,2017-11-06
MEIP,2003-12-18,2017-11-06
MENT,1984-01-18,2017-03-30
MET,2000-04-05,2017-11-06
METR,1995-08-18,2016-02-12
MFA,1998-04-13,2017-11-06
MFLX,2004-06-25,2016-07-27
MFRM,2011-11-18,2016-09-16
MG,2009-10-08,2017-11-06
MGAM,1995-02-01,2014-12-19
MGEE,1990-03-26,2017-11-06
MGI,2004-08-12,2017-11-06
MGLN,2004-02-25,2017-11-06
MGM,1990-01-12,2017-11-06
MGNX,2013-10-10,2017-11-06
MGRC,1990-03-26,2017-11-06
MHFI,1985-07-01,2016-04-27
MHGC,2006-02-14,2016-11-30
MHK,1992-04-01,2017-11-06
MHLD,2008-05-06,2017-11-06
MHO,1993-11-03,2017-11-06
MHR,2003-10-07,2015-11-10
MIDD,1992-03-17,2017-11-06
MIG,1995-11-21,2015-07-07
MIL,1996-05-08,2016-02-12
MILL,1998-12-30,2015-07-30
MIND,1994-12-28,2017-11-06
MINI,1994-02-17,2017-11-06
MITK,1995-05-26,2017-11-06
MITT,2011-06-30,2017-11-06
MJN,2009-02-11,2017-06-14
MKC,1990-03-26,2017-11-06
MKL,1990-03-26,2017-11-06
MKSI,1999-03-30,2017-11-06
MKTO,2013-05-17,2016-08-16
MKTX,2004-11-05,2017-11-06
MLAB,1995-08-18,2017-11-06
MLHR,1990-03-26,2017-11-06
MLI,1991-02-25,2017-11-06
MLM,1994-02-17,2017-11-06
MLNK,1994-01-31,2017-11-06
MLR,1994-08-02,2017-11-06
MM,2012-03-29,2015-10-22
MMC,1987-12-30,2017-11-06
MMI,2013-10-31,2017-11-06
MMM,1970-01-02,2017-11-06
MMS,1997-06-13,2017-11-06
MMSI,1992-02-26,2017-11-06
MN,2011-11-18,2017-11-06
MNI,1989-06-30,2017-11-06
MNK,2013-06-17,2017-11-06
MNKD,2004-07-28,2017-11-06
MNR,1990-03-26,2017-11-06
MNRO,1991-07-30,2017-11-06
MNST,1995-08-18,2017-11-06
MNTA,2004-06-22,2017-11-06
MNTX,2005-02-15,2017-11-06
MO,1970-01-02,2017-11-06
MOD,1990-03-26,2017-11-06
MODN,2013-03-20,2017-11-06
MOFG,2008-01-29,2017-11-06
MOG_A,1992-02-21,2017-11-06
MOH,2003-07-02,2017-11-06
MON,2000-10-18,2017-11-06
MORN,2005-05-03,2017-11-06
MOS,1988-01-26,2017-11-06
MOSY,2001-07-17,2017-11-06
MOV,1993-09-30,2017-11-06
MOVE,1999-08-05,2014-11-13
MPAA,1994-03-23,2017-11-06
MPC,2011-06-24,2017-11-06
MPO,2012-04-20,2017-11-06
MPW,2005-07-08,2017-11-06
MPWR,2004-11-19,2017-11-06
MPX,2001-03-01,2017-11-06
MRC,2012-04-12,2017-11-06
MRCY,1998-01-30,2017-11-06
MRGE,1998-05-07,2015-10-13
MRH,2002-10-10,2015-07-31
MRIN,2013-03-22,2017-11-06
MRK,1970-01-02,2017-11-06
MRLN,2003-11-12,2017-11-06
MRO,1970-01-02,2017-11-06
MRTN,1992-02-26,2017-11-06
MRTX,2013-07-15,2017-11-06
MRVL,2000-06-30,2017-11-06
MS,1993-02-23,2017-11-06
MSA,1990-03-26,2017-11-06
MSCC,1990-03-26,2017-11-06
MSCI,2007-11-15,2017-11-06
MSEX,1990-03-26,2017-11-06
MSFG,1992-01-08,2017-11-06
MSFT,1986-03-13,2017-11-06
MSG,2010-01-25,2017-11-06
MSI,1977-01-03,2017-11-06
MSL,1993-04-26,2017-11-06
MSM,1995-12-15,2017-11-06
MSO,1999-10-19,2015-12-04
MSTR,1998-06-11,2017-11-06
MTB,1991-10-04,2017-11-06
MTD,1997-11-14,2017-11-06
MTDR,2012-02-02,2017-11-06
MTG,1991-08-07,2017-11-06
MTGE,2011-08-04,2017-11-06
MTH,1988-12-16,2017-11-06
MTN,1997-02-04,2017-11-06
MTOR,2000-07-10,2017-11-06
MTRN,1984-09-07,2017-11-06
MTRX,1992-02-26,2017-11-06
MTSC,1990-03-26,2017-11-06
MTSI,2012-03-15,2017-11-06
MTW,1990-03-26,2017-11-06
MTX,1992-10-26,2017-11-06
MTZ,1990-03-26,2017-11-06
MU,1989-05-16,2017-11-06
MUR,1983-04-06,2017-07-25
MUSA,2013-08-19,2017-11-06
MVC,2000-06-26,2017-11-06
MVNR,2013-11-07,2015-04-28
MW,1992-04-15,2016-01-29
MWA,2006-05-26,2017-11-06
MWIV,2005-08-03,2015-02-24
MWV,1985-07-01,2015-07-01
MWW,1996-12-13,2016-10-31
MXIM,1990-03-26,2017-11-06
MXL,2010-03-24,2017-11-06
MXWL,1990-03-26,2017-11-06
MYCC,2013-09-20,2017-09-18
MYE,1987-09-08,2017-11-06
MYGN,1995-10-06,2017-11-06
MYL,1987-12-18,2017-11-06
MYRG,2008-08-13,2017-11-06
N,2007-12-20,2016-11-07
NADL,2014-01-29,2017-09-12
NANO,1992-02-26,2017-11-06
NASB,1999-08-06,2015-03-06
NAT,1997-09-30,2017-11-06
NATH,1993-02-26,2017-11-06
NATI,1995-03-14,2017-11-06
NATL,2005-01-28,2016-11-10
NATR,2009-06-25,2017-11-06
NAV,1970-01-02,2017-11-06
NAVB,1992-11-16,2017-11-06
NAVG,1990-03-26,2017-11-06
NAVI,2014-04-17,2017-11-06
NBBC,1990-03-26,2016-02-29
NBCB,2013-05-10,2014-12-31
NBHC,2012-09-20,2017-11-06
NBIX,1996-05-23,2017-11-06
NBL,1982-01-04,2017-11-06
NBR,1991-02-28,2017-04-25
NBS,1999-03-01,2015-06-05
NBTB,1992-03-17,2017-11-06
NC,1977-06-17,2017-11-06
NCFT,2013-11-07,2015-05-11
NCI,1996-10-04,2017-11-06
NCLH,2013-01-18,2017-11-06
NCMI,2007-02-08,2017-11-06
NCR,1996-12-11,2017-11-06
NCS,1992-04-06,2017-11-06
NDAQ,2002-07-01,2017-11-06
NDLS,2013-06-28,2017-11-06
NDSN,1990-03-26,2017-11-06
NE,1990-03-26,2017-04-25
NEE,1983-06-10,2017-11-06
NEM,1983-04-06,2017-11-06
NEO,2004-03-16,2017-11-06
NEOG,1994-02-10,2017-11-06
NEON,1992-03-03,2017-11-06
NES,2007-11-20,2017-11-06
NETE,2008-10-17,2017-11-06
NEU,1985-08-06,2017-11-06
NEWM,2014-02-04,2017-11-06
NEWP,1990-03-26,2016-04-29
NEWS,2006-12-14,2017-11-06
NFBK,2007-11-08,2017-11-06
NFG,1987-09-01,2017-11-06
NFLX,2002-05-23,2017-11-06
NFX,1993-11-12,2017-11-06
NGHC,2014-02-20,2017-11-06
NGPC,2004-11-10,2014-10-01
NGS,2002-10-22,2017-11-06
NGVC,2012-07-25,2017-11-06
NHC,1987-01-20,2017-11-06
NHI,1991-10-09,2017-11-06
NI,1984-10-19,2017-11-06
NICK,1997-12-29,2017-11-06
NIHD,2015-07-09,2017-11-06
NILE,2004-05-20,2017-02-16
NJR,1987-12-30,2017-11-06
NKE,1980-12-02,2017-11-06
NKSH,1999-12-01,2017-11-06
NKTR,1994-05-03,2017-11-06
NL,1983-04-06,2017-11-06
NLNK,2011-11-11,2017-11-06
NLS,1999-05-05,2017-11-06
NLSN,2011-01-27,2017-11-06
NLY,1997-10-08,2017-11-06
NM,2005-01-06,2017-11-06
NMBL,2013-12-13,2017-04-17
NMFC,2011-05-20,2017-11-06
NMIH,2013-11-08,2017-11-06
NMRX,1994-03-04,2017-11-06
NNA,2008-07-07,2017-11-06
NNBR,1994-03-15,2017-11-06
NNI,2003-12-12,2017-11-06
NNVC,2005-10-26,2017-11-06
NOC,1981-12-31,2017-11-06
NOG,2007-04-13,2017-11-06
NOR,2010-05-14,2015-11-25
NOV,1996-10-29,2017-11-06
NOW,2012-06-29,2017-11-06
NP,2004-11-17,2017-11-06
NPBC,1990-03-27,2016-04-01
NPK,1987-12-30,2017-11-06
NPO,2002-05-24,2017-11-06
NPSP,1994-05-26,2015-02-20
NPTN,2011-02-02,2017-11-06
NR,1991-09-26,2017-11-06
NRCIA,2013-05-23,2017-11-06
NRG,2003-12-02,2017-11-06
NRIM,1993-10-25,2017-11-06
NRZ,2013-05-02,2017-11-06
NSC,1982-06-02,2017-11-06
NSIT,1995-01-25,2017-11-06
NSM,2012-03-08,2017-11-06
NSP,1997-01-29,2017-11-06
NSPH,2007-11-01,2016-06-30
NSR,2005-06-29,2017-08-07
NSTG,2013-06-26,2017-11-06
NTAP,1995-11-21,2017-11-06
NTCT,1999-08-12,2017-11-06
NTGR,2003-07-31,2017-11-06
NTK,2010-06-15,2016-08-30
NTLS,2006-02-09,2016-05-06
NTRI,2000-03-30,2017-11-06
NTRS,1990-03-26,2017-11-06
NU,1984-08-29,2015-02-18
NUAN,1995-12-11,2017-11-06
NUE,1983-09-01,2017-11-06
NUS,1996-11-22,2017-11-06
NUTR,1998-02-20,2017-08-22
NUVA,2004-05-13,2017-11-06
NVAX,1995-12-13,2017-11-06
NVDA,1999-01-22,2017-11-06
NVEC,1996-09-11,2017-11-06
NVR,1985-07-22,2017-11-06
NWBI,1994-11-08,2017-11-06
NWBO,2001-12-14,2016-12-16
NWE,2007-12-28,2017-11-06
NWHM,2014-01-31,2017-11-06
NWL,1984-07-19,2017-11-06
NWLI,1990-03-26,2017-11-06
NWN,1990-03-26,2017-11-06
NWPX,1995-11-30,2017-11-06
NWS,2013-06-19,2017-11-06
NWSA,2013-06-19,2017-11-06
NWY,2004-10-07,2017-11-06
NX,1987-12-30,2017-11-06
NXST,2003-11-25,2017-11-06
NXTM,2005-10-27,2017-11-06
NYCB,1993-11-23,2017-11-06
NYLD,2013-07-17,2017-11-06
NYMT,2004-07-26,2017-11-06
NYNY,1993-11-05,2017-11-06
NYRT,2014-04-15,2017-11-06
NYT,1973-05-03,2017-11-06
O,1994-10-18,2017-11-06
OABC,2010-01-21,2014-12-17
OAS,2010-06-17,2017-11-06
OB,2006-11-09,2017-09-27
OC,2006-11-01,2017-11-06
OCFC,1996-07-03,2017-11-06
OCLR,2000-04-11,2017-11-06
OCN,1996-09-25,2017-11-06
OCR,1987-12-30,2015-08-17
ODC,1990-03-26,2017-11-06
ODFL,1991-10-24,2017-11-06
ODP,1990-03-26,2017-11-06
OEH,2000-08-03,2014-07-25
OFC,1991-12-31,2017-11-06
OFG,1990-03-28,2017-11-06
OFIX,1992-04-24,2017-11-06
OFLX,2005-08-01,2017-11-06
OGE,1987-12-30,2017-11-06
OGS,2014-01-16,2017-11-06
OGXI,1995-10-13,2017-08-02
OHI,1992-08-07,2017-11-06
OHRP,2007-05-01,2017-11-06
OI,1991-12-11,2017-04-25
OII,1990-03-26,2017-11-06
OIS,2001-02-09,2017-11-06
OKE,1985-07-01,2017-11-06
OKSB,1993-12-17,2017-10-19
OLBK,2003-09-17,2017-11-06
OLED,1996-04-12,2017-11-06
OLN,1987-12-30,2017-11-06
OLP,1992-03-17,2017-11-06
OMC,1990-03-26,2017-11-06
OMCL,2001-08-09,2017-11-06
OME,1998-04-03,2017-11-06
OMED,2013-07-18,2017-11-06
OMER,2009-10-08,2017-11-06
OMEX,1999-10-26,2017-11-06
OMG,1993-10-14,2015-10-27
OMI,1988-12-16,2017-11-06
OMN,1999-09-27,2017-11-06
ONB,1990-03-26,2017-11-06
ONE,2010-06-17,2016-08-04
ONNN,2000-05-02,2015-04-02
ONTY,1991-11-19,2016-06-08
ONVO,2012-02-14,2017-11-06
OPB,2014-04-16,2017-11-06
OPEN,2009-05-22,2014-07-24
OPHT,2013-09-25,2017-11-06
OPK,1995-11-02,2017-11-06
OPLK,2000-10-04,2014-12-23
OPWR,2014-04-04,2016-06-13
OPY,1993-08-16,2017-11-06
ORA,2004-11-11,2017-11-06
ORB,1990-04-24,2015-02-09
ORBC,2006-11-06,2017-11-06
ORCL,1986-03-12,2017-11-06
OREX,2007-04-30,2017-11-06
ORI,1990-03-26,2017-11-06
ORIT,2007-01-24,2017-11-06
ORLY,1993-04-23,2017-11-06
ORM,2013-07-01,2017-11-06
ORN,2007-12-20,2017-11-06
OSIR,2006-08-09,2017-03-13
OSIS,1997-10-02,2017-11-06
OSK,1990-03-26,2017-11-06
OSTK,2002-05-30,2017-11-06
OSUR,1992-03-17,2017-11-06
OTTR,1990-03-26,2017-11-06
OUTR,1997-07-03,2016-09-26
OVAS,2012-11-12,2017-11-06
OVTI,2000-07-14,2016-01-28
OWW,2007-07-20,2015-09-16
OXFD,2013-11-22,2017-11-06
OXM,1987-12-30,2017-11-06
OXY,1981-12-31,2017-11-06
OZRK,1997-07-17,2017-11-06
P,2011-06-15,2017-11-06
PACB,2010-10-27,2017-11-06
PACR,2002-06-21,2014-04-01
PACW,2000-06-05,2017-11-06
PAG,1996-10-23,2017-11-06
PAHC,2014-04-11,2017-11-06
PANW,2012-07-20,2017-11-06
PATK,1990-03-27,2017-11-06
PATR,1990-03-26,2014-12-04
PAY,2005-04-29,2017-11-06
PAYC,2014-04-15,2017-11-06
PAYX,1990-03-26,2017-11-06
PB,1998-11-12,2017-11-06
PBCT,1990-03-26,2017-11-06
PBF,2012-12-13,2017-11-06
PBH,2005-02-10,2017-11-06
PBI,1972-06-01,2017-04-25
PBPB,2013-10-04,2017-11-06
PBY,1987-12-30,2016-02-03
PBYI,2012-04-24,2017-11-06
PCAR,1986-07-09,2017-11-06
PCBK,1999-04-26,2017-10-31
PCCC,1998-03-03,2016-09-08
PCG,1972-06-01,2017-11-06
PCH,1985-11-11,2017-11-06
PCL,1989-06-02,2016-02-19
PCLN,1999-03-31,2017-11-06
PCO,2004-05-12,2017-11-06
PCP,1990-01-12,2016-01-29
PCRX,2011-02-03,2017-11-06
PCTI,1999-08-10,2017-11-06
PCTY,2014-03-19,2017-11-06
PCYC,1995-10-24,2015-05-22
PCYG,1999-10-27,2017-11-06
PCYO,1997-01-02,2017-11-06
PDCE,1990-03-26,2017-11-06
PDCO,1992-10-28,2017-11-06
PDFS,2001-07-31,2017-11-06
PDLI,1992-01-29,2017-11-06
PDM,2010-02-10,2017-11-06
PE,2014-05-23,2017-11-06
PEB,2009-12-09,2017-11-06
PEBO,1993-02-11,2017-11-06
PEG,1980-01-02,2017-11-06
PEGA,1996-07-19,2017-11-06
PEGI,2013-09-27,2017-11-06
PEI,1973-05-03,2017-11-06
PEIX,2005-03-24,2017-11-06
PENN,1994-05-26,2017-11-06
PENX,1987-08-19,2015-03-10
PEP,1972-06-01,2017-11-06
PERI,2006-01-31,2017-11-06
PERY,1993-05-28,2017-11-06
PES,1995-02-01,2017-11-06
PETM,1993-07-23,2015-03-11
PETS,1999-04-26,2017-11-06
PETX,2013-06-27,2017-11-06
PF,2013-03-28,2017-11-06
PFBC,1999-08-19,2017-11-06
PFE,1972-06-01,2017-11-06
PFG,2001-10-23,2017-11-06
PFIE,2010-03-10,2017-11-06
PFIS,2002-06-05,2017-11-06
PFLT,2011-04-08,2017-11-06
PFMT,2012-08-10,2017-11-06
PFPT,2012-04-20,2017-11-06
PFS,2003-01-16,2017-11-06
PFSI,2013-05-09,2017-11-06
PG,1970-01-02,2017-11-06
PGC,1999-04-27,2017-11-06
PGEM,2013-05-23,2017-11-06
PGI,1996-03-05,2015-12-08
PGNX,1997-11-19,2017-11-06
PGR,1986-07-09,2017-11-06
PGTI,2006-06-28,2017-11-06
PH,1985-07-01,2017-11-06
PHH,2005-01-19,2017-11-06
PHIIK,1995-08-18,2017-11-06
PHM,1985-07-01,2017-11-06
PHMD,1996-05-30,2017-10-31
PHX,1995-08-18,2017-11-06
PICO,1991-03-21,2017-11-06
PII,1987-09-16,2017-11-06
PIKE,2005-07-27,2014-12-22
PIR,1987-12-30,2017-11-06
PJC,2004-01-02,2017-11-06
PKD,1983-04-06,2017-11-06
PKE,1987-12-30,2017-11-06
PKG,2000-01-28,2017-11-06
PKI,1983-04-06,2017-11-06
PKOH,1990-03-26,2017-11-06
PKT,2003-06-26,2015-06-04
PKY,1973-05-03,2017-10-11
PL,1990-03-26,2015-01-30
PLAB,1990-03-26,2017-11-06
PLCE,1997-09-19,2017-11-06
PLCM,1996-04-30,2016-09-26
PLD,1997-11-21,2017-11-06
PLKI,2001-03-02,2017-03-27
PLL,1991-08-21,2015-08-28
PLMT,2011-08-08,2015-08-31
PLOW,2010-05-05,2017-11-06
PLPC,1999-04-28,2017-11-06
PLPM,2008-11-20,2017-11-06
PLT,1994-01-20,2017-11-06
PLUG,1999-10-29,2017-11-06
PLUS,1996-11-15,2017-11-06
PLXS,1990-03-26,2017-11-06
PLXT,1999-04-06,2014-08-12
PM,2008-03-17,2017-11-06
PMC,2007-08-01,2017-11-06
PMCS,1991-04-24,2016-01-14
PMFG,1990-03-26,2015-09-03
PMT,2009-07-30,2017-11-06
PNC,1988-09-07,2017-11-06
PNFP,2000-08-22,2017-11-06
PNK,1990-03-26,2017-11-06
PNM,1984-08-10,2017-11-06
PNNT,2007-04-19,2017-11-06
PNR,1973-05-03,2017-11-06
PNRA,1991-06-10,2017-07-17
PNW,1984-07-19,2017-11-06
PNX,2001-06-20,2016-06-20
PNY,1987-12-30,2016-10-03
PODD,2007-05-15,2017-11-06
POL,1999-09-13,2017-11-06
POM,1987-01-02,2016-03-23
POOL,1995-10-13,2017-11-06
POR,2006-03-31,2017-11-06
POST,2012-01-27,2017-11-06
POWI,1997-12-12,2017-11-06
POWL,1990-03-26,2017-11-06
POWR,1993-03-25,2016-05-06
POZN,2000-10-16,2016-02-05
PPBI,1997-06-25,2017-11-06
PPC,1987-12-30,2017-11-06
PPG,1983-04-06,2017-11-06
PPHM,1996-04-01,2017-11-06
PPL,1985-04-08,2017-11-06
PPO,2007-07-26,2015-08-25
PPS,1993-07-16,2016-11-30
PQ,1992-10-26,2017-11-06
PRA,1991-09-04,2017-11-06
PRAA,2002-11-08,2017-11-06
PRE,1993-10-29,2016-03-17
PRFT,1999-07-29,2017-11-06
PRGO,1991-12-17,2017-11-06
PRGS,1991-08-05,2017-11-06
PRGX,1996-03-27,2017-11-06
PRI,2010-04-01,2017-11-06
PRIM,2008-08-06,2017-11-06
PRK,1991-05-08,2017-11-06
PRKR,1993-12-01,2017-11-06
PRLB,2012-02-24,2017-11-06
PRO,2007-07-26,2017-11-06
PROV,1996-06-28,2017-11-06
PRSC,2003-08-20,2017-11-06
PRTA,2012-12-21,2017-11-06
PRU,2001-12-13,2017-11-06
PRXL,1995-11-22,2017-09-29
PSA,1980-11-18,2017-11-06
PSB,1991-03-27,2017-11-06
PSEC,2004-07-27,2017-11-06
PSEM,1997-10-31,2015-11-24
PSIX,2012-04-17,2017-04-18
PSMI,2012-08-08,2014-12-12
PSMT,1997-09-02,2017-11-06
PSTB,2007-02-13,2017-11-06
PSUN,1993-03-16,2016-04-13
PSX,2012-04-12,2017-11-06
PTCT,2013-06-20,2017-11-06
PTEN,1993-11-02,2017-11-06
PTGI,2009-07-13,2014-04-11
PTIE,2000-07-14,2017-11-06
PTLA,2013-05-22,2017-11-06
PTP,2002-10-29,2015-03-02
PTRY,1999-06-10,2015-03-16
PTSI,1990-03-26,2017-11-06
PTX,1997-02-07,2017-11-06
PVA,1990-03-26,2016-01-12
PVH,1987-07-10,2017-11-06
PVTB,1999-06-30,2017-06-22
PWOD,1996-05-30,2017-11-06
PWR,1998-02-12,2017-11-06
PX,1992-06-17,2017-11-06
PXD,1997-08-08,2017-11-06
PYPL,2015-07-20,2017-11-06
PZG,2006-05-08,2017-11-06
PZN,2007-10-25,2017-11-06
PZZA,1993-06-08,2017-11-06
Q,2013-05-09,2017-11-06
QADA,2010-12-16,2017-11-06
QCOM,1991-12-16,2017-11-06
QCOR,1993-03-04,2014-08-14
QDEL,1992-03-03,2017-11-06
QEP,2010-06-16,2017-04-25
QGEN,1996-06-28,2017-11-06
QLGC,1994-02-28,2016-08-16
QLIK,2010-07-16,2016-08-19
QLTY,2003-11-07,2015-08-17
QLYS,2012-09-28,2017-11-06
QNST,2010-02-11,2017-11-06
QRHC,2010-01-05,2017-11-06
QRVO,2015-01-02,2017-11-06
QSII,1995-08-18,2017-11-06
QTM,1999-08-02,2017-11-06
QTS,2013-10-09,2017-11-06
QTWO,2014-03-20,2017-11-06
QUAD,2010-07-06,2017-11-06
QUIK,1999-10-18,2017-11-06
R,1980-01-02,2017-06-16
RAD,1984-12-17,2017-11-06
RAI,1999-06-01,2017-07-24
RAIL,2005-04-06,2017-11-06
RALY,2013-04-12,2015-07-07
RARE,2014-01-31,2017-11-06
RAS,1998-01-09,2017-11-06
RATE,2011-06-17,2017-11-06
RAVN,1980-03-17,2017-11-06
RAX,2008-08-08,2016-11-02
RBC,1983-12-01,2017-11-06
RBCAA,1998-07-22,2017-11-06
RBCN,2007-11-16,2017-11-06
RCAP,2013-06-05,2015-12-31
RCII,1995-01-25,2017-11-06
RCKB,2005-08-17,2014-04-30
RCL,1993-04-28,2017-11-06
RCPT,2013-05-09,2015-08-27
RDC,1983-04-06,2017-04-25
RDEN,1995-12-21,2016-09-07
RDI,1992-03-17,2017-11-06
RDN,1992-10-30,2017-11-06
RDNT,1997-01-03,2017-11-06
RE,1995-10-03,2017-11-06
RECN,2000-12-15,2017-11-06
REG,1993-10-29,2017-11-06
REGI,2012-01-19,2017-11-06
REGN,1991-04-02,2017-11-06
REI,2007-04-10,2017-11-06
REIS,1995-08-18,2017-11-06
RELL,1990-03-26,2017-11-06
REMY,2010-03-26,2015-11-10
REN,2007-10-08,2017-11-06
RENT,1992-03-03,2016-01-29
RES,1987-12-30,2017-11-06
RESI,2012-12-24,2017-11-06
REV,1996-02-29,2017-11-06
REX,1987-11-05,2017-11-06
REXI,1990-03-27,2016-09-08
REXR,2013-07-19,2017-11-06
REXX,2007-07-25,2017-11-06
RF,1990-03-26,2017-11-06
RFMD,1997-06-03,2014-12-31
RFP,2010-12-10,2017-11-06
RGA,2008-09-12,2017-11-06
RGC,2002-05-09,2017-11-06
RGDO,2013-08-22,2015-05-04
RGEN,1990-03-26,2017-11-06
RGLD,1990-03-26,2017-11-06
RGLS,2012-10-09,2017-11-06
RGR,1990-03-26,2017-11-06
RGS,1991-06-21,2017-11-06
RH,2012-11-02,2017-11-06
RHI,1992-03-10,2017-11-06
RHP,1991-10-24,2017-11-06
RHT,1999-08-11,2017-11-06
RIG,1993-05-28,2017-07-25
RIGL,2000-11-29,2017-11-06
RJET,2004-05-27,2016-03-07
RJF,1987-12-30,2017-11-06
RKT,1994-03-03,2015-07-01
RKUS,2012-11-16,2016-05-26
RL,1997-06-12,2017-11-06
RLD,2010-07-16,2016-03-22
RLGY,2012-10-11,2017-11-06
RLI,1987-12-30,2017-11-06
RLJ,2011-05-11,2017-11-06
RLOC,2010-05-20,2016-08-09
RLYP,2013-11-15,2016-09-01
RM,2012-03-28,2017-11-06
RMAX,2013-10-02,2017-11-06
RMBS,1997-05-14,2017-11-06
RMD,1995-06-02,2017-11-06
RMTI,1998-01-27,2017-11-06
RNDY,2012-02-08,2015-12-18
RNET,2010-12-15,2017-11-06
RNG,2013-09-27,2017-11-06
RNR,1995-07-27,2017-11-06
RNST,1992-04-24,2017-11-06
RNWK,1997-11-21,2017-11-06
ROC,2005-08-17,2015-01-12
ROCK,1993-11-05,2017-11-06
ROG,1980-03-17,2017-11-06
ROIAK,2000-06-07,2017-05-05
ROIC,2009-11-03,2017-11-06
ROK,1981-12-31,2017-11-06
ROL,1987-12-30,2017-11-06
ROLL,2005-08-10,2017-11-06
ROP,1992-02-13,2017-11-06
ROSE,2006-02-13,2017-11-06
ROST,1986-07-09,2017-11-06
ROVI,1997-03-13,2016-09-07
RP,2010-08-12,2017-11-06
RPAI,2012-04-09,2017-11-06
RPM,1990-03-26,2017-11-06
RPRX,1993-03-26,2017-11-06
RPT,1988-12-28,2017-11-06
RPTP,1999-02-16,2016-10-24
RPXC,2011-05-04,2017-11-06
RRC,1992-12-28,2017-11-06
RRD,1985-07-01,2017-11-06
RRGB,2002-07-19,2017-11-06
RRTS,2010-05-13,2017-11-06
RS,1994-09-16,2017-11-06
RSE,2011-12-28,2016-07-05
RSG,1998-07-01,2017-11-06
RSH,1982-01-04,2015-02-02
RSO,2006-02-07,2017-11-06
RSPP,2014-01-17,2017-11-06
RST,2009-04-16,2017-11-06
RSTI,1996-09-26,2016-11-07
RSYS,1995-10-20,2017-11-06
RT,1990-03-26,2017-11-06
RTEC,1999-11-12,2017-11-06
RTI,1990-04-12,2015-07-22
RTIX,2000-08-10,2017-11-06
RTK,1999-04-05,2017-10-13
RTN,1981-12-31,2017-11-06
RTRX,2012-11-08,2017-11-06
RUBI,2014-04-02,2017-11-06
RUSHA,2003-10-07,2017-11-06
RUTH,2005-08-09,2017-11-06
RVBD,2006-09-21,2015-04-24
RVLT,1994-03-24,2017-11-06
RVNC,2014-02-06,2017-11-06
RWT,1995-08-04,2017-11-06
RXN,2012-03-29,2017-11-06
RYL,1987-12-30,2015-09-30
RYN,1994-02-17,2017-11-06
S,1984-11-08,2017-11-06
SAAS,2003-07-15,2016-11-11
SAFM,1989-12-20,2017-11-06
SAFT,2002-11-22,2017-11-06
SAH,1997-11-12,2017-11-06
SAIA,2002-09-12,2017-11-06
SAIC,2013-09-16,2017-11-06
SALE,2013-07-19,2017-05-22
SALM,1999-07-01,2017-11-06
SALT,2013-12-12,2017-11-06
SAM,1995-11-21,2017-11-06
SAMG,2013-06-27,2017-11-06
SANM,1993-06-22,2017-11-06
SAPE,1996-04-04,2015-02-05
SASR,1996-04-17,2017-11-06
SATS,2008-01-02,2017-11-06
SAVE,2011-05-26,2017-11-06
SB,2008-05-30,2017-11-06
SBAC,1999-06-16,2017-11-06
SBCF,1990-03-26,2017-11-06
SBGI,1995-06-07,2017-11-06
SBH,2006-11-17,2017-11-06
SBNY,2004-03-23,2017-11-06
SBRA,2002-04-02,2017-11-06
SBSI,1998-05-13,2017-11-06
SBUX,1992-06-26,2017-11-06
SBY,2012-12-17,2017-05-08
SCAI,2013-10-30,2017-03-23
SCBT,1997-01-28,2014-06-27
SCCO,1996-01-05,2017-11-06
SCG,1987-12-30,2017-11-06
SCHL,1992-02-25,2017-11-06
SCHN,1993-11-16,2017-11-06
SCHW,1989-06-30,2017-11-06
SCI,1987-07-23,2017-11-06
SCL,1992-03-17,2017-11-06
SCLN,1992-03-17,2017-10-13
SCM,2012-11-08,2017-11-06
SCMP,2007-08-02,2017-11-06
SCOR,2007-06-27,2017-02-07
SCS,1998-02-18,2017-11-06
SCSC,1994-03-18,2017-11-06
SCSS,1998-12-04,2017-10-31
SCTY,2012-12-13,2016-11-21
SCVL,1993-03-16,2017-11-06
SD,2016-10-04,2017-11-06
SDRL,2005-12-28,2017-11-06
SE,2007-01-03,2017-02-24
SEAC,1996-11-06,2017-11-06
SEAS,2013-04-19,2017-11-06
SEB,1980-03-17,2017-11-06
SEE,1987-12-30,2017-11-06
SEIC,1990-03-26,2017-11-06
SEM,2009-09-25,2017-11-06
SEMG,2010-10-15,2017-11-06
SENEA,1998-06-03,2017-11-06
SF,1983-07-19,2017-11-06
SFBS,2014-05-14,2017-11-06
SFE,1987-12-30,2017-11-06
SFG,1999-04-16,2016-03-07
SFL,2004-06-17,2017-11-06
SFLY,2006-09-29,2017-11-06
SFNC,1992-11-02,2017-11-06
SFXE,2013-10-09,2016-02-09
SFY,1981-07-24,2015-12-18
SGA,1993-10-12,2017-11-06
SGBK,2007-05-01,2017-09-26
SGEN,2001-03-09,2017-11-06
SGI,2005-06-15,2016-10-31
SGK,1987-11-05,2014-07-30
SGM,2013-10-10,2017-05-31
SGMO,2000-04-06,2017-11-06
SGMS,1992-04-23,2017-11-06
SGNT,2011-04-20,2016-08-29
SGY,1993-07-09,2017-11-06
SGYP,2008-11-19,2017-11-06
SHEN,1999-04-26,2017-11-06
SHLD,2003-05-01,2017-11-06
SHLM,1986-07-09,2017-11-06
SHLO,1993-06-29,2017-11-06
SHO,2004-10-21,2017-11-06
SHOO,1993-12-13,2017-11-06
SHOR,2007-07-03,2017-09-22
SHOS,2012-10-12,2017-11-06
SHW,1985-07-01,2017-11-06
SIAL,1990-03-26,2015-11-18
SIF,1980-03-17,2017-11-06
SIG,1994-10-31,2017-11-06
SIGA,1997-09-10,2015-03-19
SIGI,1990-03-26,2017-11-06
SIGM,1990-03-26,2017-11-06
SIMG,1999-10-06,2015-03-10
SIR,2012-03-07,2017-11-06
SIRI,1994-09-13,2017-11-06
SIRO,2002-01-23,2016-02-26
SIVB,1990-03-26,2017-11-06
SIX,2010-05-11,2017-11-06
SJI,1987-12-30,2017-11-06
SJM,1994-10-31,2017-11-06
SJW,1972-06-01,2017-11-06
SKH,2007-05-15,2015-02-02
SKT,1993-05-28,2017-11-06
SKUL,2011-07-20,2016-10-03
SKX,1999-06-09,2017-11-06
SKYW,1990-03-26,2017-11-06
SLAB,2000-03-24,2017-11-06
SLB,1981-12-31,2017-11-06
SLCA,2012-02-01,2017-11-06
SLG,1997-08-15,2017-11-06
SLGN,1997-02-14,2017-11-06
SLH,2007-05-11,2016-03-03
SLM,1988-01-05,2017-04-25
SLRC,2010-02-09,2017-11-06
SLXP,2000-11-21,2015-04-01
SM,1992-12-21,2017-11-06
SMA,2004-12-09,2014-12-04
SMCI,2007-03-29,2017-11-06
SMG,1992-01-31,2017-11-06
SMP,1987-12-30,2017-11-06
SMRT,1992-04-27,2017-11-06
SMTC,1992-03-17,2017-11-06
SN,2011-12-15,2017-11-06
SNA,1985-07-01,2017-11-06
SNAK,1996-12-06,2017-11-06
SNBC,1996-08-29,2017-11-06
SNCR,2006-06-15,2017-11-06
SNDK,1995-11-08,2016-05-11
SNH,2000-02-23,2017-11-06
SNHY,1997-01-09,2017-11-06
SNI,2008-06-12,2017-11-06
SNMX,2004-06-22,2017-11-06
SNOW,2014-01-31,2017-07-31
SNPS,1992-02-26,2017-11-06
SNSS,2005-09-27,2017-11-06
SNTA,2007-02-06,2016-07-22
SNV,1990-01-12,2017-11-06
SNX,2003-11-25,2017-11-06
SO,1981-12-31,2017-11-06
SON,1985-06-11,2017-11-06
SONC,1991-02-28,2017-11-06
SONS,2000-05-25,2017-11-06
SP,2004-06-02,2017-11-06
SPA,1973-05-03,2017-11-06
SPAR,1990-03-26,2017-11-06
SPB,2009-09-02,2017-11-06
SPDC,1993-12-17,2016-01-20
SPF,1987-12-30,2015-09-30
SPG,1993-12-14,2017-11-06
SPGI,2016-04-28,2017-11-06
SPLK,2012-04-19,2017-11-06
SPLS,1990-03-26,2017-09-12
SPN,1992-07-07,2017-11-06
SPNC,1992-01-21,2017-08-09
SPNS,1998-03-05,2017-11-06
SPPI,1996-09-27,2017-11-06
SPR,2006-11-28,2017-11-06
SPRT,2000-07-19,2017-11-06
SPSC,2010-04-22,2017-11-06
SPTN,2000-08-02,2017-11-06
SPW,1985-07-01,2015-09-25
SPWH,2014-04-17,2017-11-06
SPWR,2005-11-17,2017-11-06
SQBG,2004-07-02,2017-11-06
SQBK,2014-03-27,2015-10-06
SQI,2010-09-24,2016-07-28
SQNM,2000-02-01,2016-09-06
SRCE,1996-09-03,2017-11-06
SRCL,1996-08-23,2017-11-06
SRDX,1998-03-04,2017-11-06
SRE,1998-06-29,2017-11-06
SREV,2011-03-25,2017-11-06
SRI,1997-10-10,2017-11-06
SRPT,1997-06-04,2017-11-06
SSD,1994-05-26,2017-11-06
SSI,2001-08-30,2017-11-06
SSNC,2010-03-31,2017-11-06
SSNI,2013-03-13,2017-11-06
SSP,1990-03-26,2017-11-06
SSS,1995-06-21,2016-08-12
SSTK,2012-10-11,2017-11-06
SSYS,1994-10-21,2017-11-06
STAA,1992-03-02,2017-11-06
STAG,2011-04-15,2017-11-06
STAR,1989-11-16,2017-11-06
STBA,1992-04-21,2017-11-06
STBZ,2011-01-26,2017-11-06
STC,1990-03-28,2017-11-06
STCK,2013-08-09,2016-06-03
STE,1992-06-01,2017-11-06
STFC,1991-06-28,2017-11-06
STI,1987-12-30,2017-11-06
STJ,1989-12-07,2017-01-04
STL,1999-01-08,2017-11-06
STLD,1996-11-22,2017-11-06
STML,2013-01-29,2017-11-06
STMP,1999-06-25,2017-11-06
STNG,2010-03-31,2017-11-06
STNR,1996-11-13,2015-12-09
STR,1987-12-29,2016-09-16
STRA,1996-07-26,2017-11-06
STRL,1995-08-18,2017-11-06
STRT,1995-02-24,2017-11-06
STRZA,2006-05-15,2016-12-08
STSA,1991-11-25,2014-04-21
STSI,1999-03-22,2014-06-03
STT,1986-07-09,2017-11-06
STWD,2009-08-12,2017-11-06
STX,2002-12-11,2017-11-06
STZ,1992-03-17,2017-11-06
SUBK,1992-03-03,2015-12-17
SUI,1993-12-09,2017-11-06
SUN,2012-09-20,2017-11-06
SUNE,1995-07-13,2016-04-21
SUNS,2011-02-25,2017-11-06
SUP,1985-07-03,2017-11-06
SUPN,2012-05-01,2017-11-06
SUPX,1990-03-27,2014-04-01
SUSQ,1990-03-26,2015-07-31
SUSS,2006-10-19,2014-08-29
SVU,1985-07-01,2017-11-06
SVVC,2011-04-28,2017-11-06
SWAY,2014-01-22,2016-01-05
SWC,1994-12-19,2017-05-03
SWFT,2010-12-16,2017-09-08
SWHC,1999-08-17,2016-12-30
SWI,2009-05-20,2016-02-05
SWK,1985-07-01,2017-11-06
SWKS,1984-09-07,2017-11-06
SWM,1995-11-09,2017-11-06
SWN,1987-12-30,2017-04-25
SWS,1991-10-11,2014-12-31
SWSH,2007-06-20,2016-01-14
SWX,1987-12-30,2017-11-06
SWY,1990-04-26,2015-01-29
SXC,2011-07-21,2017-11-06
SXI,1987-12-30,2017-11-06
SXT,1988-01-05,2017-11-06
SYA,2010-01-22,2016-01-29
SYBT,1993-03-26,2017-11-06
SYF,2014-07-31,2017-11-06
SYK,1988-02-01,2017-11-06
SYKE,1996-04-30,2017-11-06
SYMC,1990-03-26,2017-11-06
SYNA,2002-01-29,2017-11-06
SYNT,1997-08-12,2017-11-06
SYRG,2008-02-28,2017-03-03
SYUT,2004-12-21,2017-05-15
SYX,1995-06-27,2017-11-06
SYY,1973-05-08,2017-11-06
SZMK,2014-02-10,2016-09-26
SZYM,2011-05-27,2016-05-10
T,1984-07-19,2017-11-06
TAHO,2010-09-23,2017-11-06
TAL,2010-10-20,2017-11-06
TAM,2000-01-03,2014-12-05
TAP,1984-09-07,2017-11-06
TASR,2001-06-19,2017-04-05
TAST,2006-12-15,2017-11-06
TAT,2007-04-09,2017-11-06
TAX,2012-07-02,2017-11-06
TAXI,1996-05-23,2016-05-10
TAYC,2002-10-16,2014-08-19
TBBK,2004-02-03,2017-11-06
TBI,1995-02-01,2017-11-06
TBNK,2009-07-13,2017-11-06
TBPH,2014-05-16,2017-11-06
TCAP,2007-02-22,2017-11-06
TCB,1989-06-30,2017-05-05
TCBI,2003-08-14,2017-11-06
TCBK,1993-04-20,2017-11-06
TCO,1992-11-20,2017-11-06
TCPC,2012-04-04,2017-11-06
TCRD,2010-04-22,2017-11-06
TCS,2013-11-01,2017-11-06
TDC,2007-10-01,2017-06-16
TDG,2006-03-15,2017-11-06
TDS,1991-09-18,2017-11-06
TDW,1987-12-30,2017-11-06
TDY,1999-11-23,2017-11-06
TE,1984-10-29,2016-06-30
TEAR,2004-12-09,2017-11-06
TECD,1990-03-26,2017-11-06
TECH,1992-12-09,2017-11-06
TECUA,1995-08-18,2014-05-01
TEG,1988-01-05,2015-06-29
TEL,2007-06-14,2017-11-06
TEN,1982-01-04,2017-11-06
TER,1987-03-11,2017-11-06
TESO,1996-12-02,2017-11-06
TESS,1994-09-29,2017-11-06
TEX,1990-03-26,2017-11-06
TFM,2010-11-05,2016-04-27
TFSL,2007-04-23,2017-11-06
TFX,1988-02-18,2017-11-06
TG,1990-01-12,2017-11-06
TGE,1994-09-22,2015-02-11
TGH,2007-10-10,2017-11-06
TGI,1996-10-25,2017-11-06
TGNA,1985-07-01,2017-06-01
TGT,1983-04-06,2017-11-06
TGTX,2010-05-03,2017-11-06
THC,1982-01-04,2017-04-25
THFF,1992-03-03,2017-11-06
THG,1995-10-11,2017-11-06
THLD,2005-02-04,2017-08-01
THO,1987-12-30,2017-11-06
THOR,1996-01-02,2015-10-08
THR,2011-05-05,2017-11-06
THRM,1993-06-10,2017-11-06
THRX,2004-10-05,2016-01-08
THS,2005-06-28,2017-11-06
TIBX,1999-07-14,2014-12-05
TICC,2003-11-24,2017-11-06
TIF,1987-12-30,2017-11-06
TILE,1990-03-26,2017-11-06
TIME,2014-05-21,2017-11-06
TIPT,2010-10-15,2017-11-06
TIS,2005-07-15,2017-11-06
TISI,1992-03-17,2017-11-06
TITN,2007-12-13,2017-11-06
TIVO,1997-03-13,2017-11-06
TJX,1988-01-05,2017-11-06
TK,1995-07-20,2017-11-06
TKR,1985-07-01,2017-11-06
TLMR,2014-02-12,2016-08-31
TLYS,2012-05-04,2017-11-06
TMH,2009-12-16,2017-02-03
TMHC,2013-04-10,2017-11-06
TMK,1987-12-30,2017-11-06
TMO,1987-09-01,2017-11-06
TMP,1990-03-28,2017-11-06
TMUS,2007-04-19,2017-11-06
TNAV,2010-05-13,2017-11-06
TNC,1992-03-03,2017-11-06
TNDM,2013-11-14,2017-11-06
TNET,2014-03-27,2017-11-06
TNGO,2011-07-27,2017-03-13
TNK,2007-12-13,2017-11-06
TOL,1987-12-30,2017-11-06
TOWN,1999-05-05,2017-11-06
TOWR,2010-10-15,2017-11-06
TPC,1973-05-03,2017-11-06
TPH,2013-01-31,2017-11-06
TPLM,2005-03-14,2017-03-24
TPR,2017-10-31,2017-11-06
TPRE,2013-08-15,2017-11-06
TPX,2003-12-18,2017-11-06
TQNT,1993-12-14,2014-12-31
TR,1987-12-30,2017-11-06
TRAK,2005-12-13,2015-09-30
TRC,1992-03-17,2017-11-06
TREC,2006-07-31,2017-11-06
TREE,2008-08-12,2017-11-06
TREX,1999-04-08,2017-11-06
TRGP,2010-12-07,2017-11-06
TRGT,2006-04-12,2015-08-20
TRI,2002-06-12,2017-11-06
TRIP,2011-12-07,2017-11-06
TRIV,2014-04-16,2016-02-03
TRK,1995-02-24,2017-11-06
TRLA,2012-09-20,2017-09-26
TRMB,1992-03-03,2017-11-06
TRMK,1992-03-03,2017-11-06
TRMR,2013-06-27,2017-09-25
TRN,1987-12-30,2017-11-06
TRNO,2010-02-10,2017-11-06
TRNX,2011-02-03,2015-10-01
TROW,1989-09-13,2017-11-06
TROX,2010-12-01,2017-11-06
TRR,1991-12-16,2017-06-21
TRS,2007-05-18,2017-11-06
TRST,1990-03-26,2017-11-06
TRUE,2000-05-02,2017-11-06
TRV,1986-07-09,2017-11-06
TRW,2004-02-03,2015-05-15
TRXC,1992-11-12,2017-11-06
TSC,2013-05-09,2017-11-06
TSCO,1994-02-18,2017-11-06
TSLA,2010-06-29,2017-11-06
TSN,1986-07-09,2017-11-06
TSO,1983-04-06,2017-07-31
TSRA,2003-11-20,2017-02-22
TSRE,2008-07-07,2015-09-16
TSRO,2012-06-28,2017-11-06
TSS,1989-06-30,2017-11-06
TSYS,2000-08-09,2016-02-23
TTC,1987-12-30,2017-11-06
TTEC,1996-08-01,2017-11-06
TTEK,1991-12-17,2017-11-06
TTGT,2007-05-17,2017-11-06
TTI,1990-04-03,2017-11-06
TTMI,2000-09-25,2017-11-06
TTPH,2013-03-20,2017-11-06
TTS,2012-08-22,2017-11-06
TTWO,1997-04-15,2017-11-06
TUES,1999-04-22,2017-11-06
TUMI,2012-04-19,2016-08-01
TUP,1996-05-08,2017-11-06
TW,2000-10-11,2016-01-04
TWC,2007-01-10,2016-05-17
TWER,2007-01-24,2016-11-30
TWGP,2004-10-21,2014-09-15
TWI,1993-05-20,2017-11-06
TWIN,1987-12-31,2017-11-06
TWMC,1993-02-17,2017-11-06
TWO,2009-10-30,2017-11-06
TWOU,2014-03-28,2017-11-06
TWTC,1999-05-13,2014-10-31
TWTR,2013-11-07,2017-11-06
TWX,1992-03-19,2017-11-06
TXI,1978-05-01,2014-07-01
TXMD,2007-05-09,2017-11-06
TXN,1972-06-01,2017-11-06
TXRH,2004-10-05,2017-11-06
TXT,1984-10-24,2017-11-06
TXTR,2013-06-07,2016-06-10
TYC,1987-09-28,2016-09-02
TYL,1987-12-30,2017-11-06
TYPE,2007-07-25,2017-11-06
TZOO,2002-08-28,2017-11-06
UA,2016-04-08,2017-11-06
UA_C,2016-04-08,2016-12-06
UAA,2005-11-18,2017-11-06
UACL,2005-02-11,2016-04-29
UAL,2006-02-06,2017-11-06
UAM,1990-03-26,2017-04-27
UBA,1998-08-17,2017-11-06
UBNK,2005-08-17,2017-11-06
UBNT,2011-10-14,2017-11-06
UBSH,1995-08-18,2017-11-06
UBSI,1990-03-26,2017-11-06
UCBI,2002-03-21,2017-11-06
UCFC,1998-07-09,2017-11-06
UCP,2013-07-18,2017-08-03
UCTT,2004-03-25,2017-11-06
UDR,1990-03-07,2017-11-06
UEC,2007-04-05,2017-11-06
UEIC,1993-02-12,2017-11-06
UFCS,1990-03-26,2017-11-06
UFI,1990-03-26,2017-11-06
UFPI,1993-11-10,2017-11-06
UFPT,1993-12-17,2017-11-06
UFS,2007-03-07,2017-11-06
UGI,1988-01-05,2017-11-06
UHAL,1994-11-04,2017-11-06
UHS,1990-03-26,2017-11-06
UHT,1987-11-05,2017-11-06
UIHC,2007-11-07,2017-11-06
UIL,1987-08-31,2015-12-16
UIS,1972-06-01,2017-11-06
ULTA,2007-10-25,2017-11-06
ULTI,1998-06-17,2017-11-06
ULTR,2006-10-13,2016-10-18
UMBF,1990-03-27,2017-11-06
UMH,1993-12-06,2017-11-06
UMPQ,1998-06-03,2017-11-06
UNF,1988-01-05,2017-11-06
UNFI,1996-11-01,2017-11-06
UNH,1990-03-26,2017-11-06
UNIS,2010-02-16,2017-04-20
UNM,1986-11-06,2017-11-06
UNP,1980-01-02,2017-11-06
UNS,1985-08-30,2014-08-15
UNT,1988-01-05,2017-11-06
UNTD,1999-09-24,2016-06-30
UNXL,2006-03-07,2017-09-11
UPIP,1999-06-11,2016-06-16
UPL,1999-09-24,2017-11-06
UPS,1999-11-10,2017-11-06
URBN,1993-11-09,2017-04-25
URG,2008-07-25,2017-11-06
URI,1997-12-18,2017-11-06
URS,1972-06-01,2014-10-16
USAK,1992-03-20,2017-11-06
USAP,1994-12-28,2017-11-06
USB,1987-11-05,2017-11-06
USCR,2010-10-15,2017-11-06
USG,1988-07-07,2017-11-06
USLM,1990-03-26,2017-11-06
USM,1992-03-17,2017-11-06
USMD,2012-09-07,2016-09-30
USMO,2004-11-17,2014-07-08
USNA,1995-02-01,2017-11-06
USPH,1992-05-29,2017-11-06
USTR,1990-03-26,2015-05-29
UTEK,1993-09-29,2017-05-25
UTHR,1999-06-17,2017-11-06
UTI,2003-12-18,2017-11-06
UTIW,2000-11-02,2016-01-22
UTL,1992-03-17,2017-11-06
UTMD,1999-03-08,2017-11-06
UTX,1970-01-02,2017-11-06
UVE,2003-06-06,2017-11-06
UVSP,1998-04-16,2017-11-06
UVV,1988-01-05,2017-11-06
V,2008-03-19,2017-11-06
VAC,2011-11-08,2017-11-06
VAL,1992-03-17,2017-05-31
VAR,1988-01-05,2017-11-06
VASC,2000-07-20,2017-02-17
VC,2010-10-05,2017-11-06
VCRA,2012-03-28,2017-11-06
VCYT,2013-10-30,2017-11-06
VDSI,1998-05-21,2017-11-06
VECO,1994-11-29,2017-11-06
VFC,1985-07-01,2017-11-06
VG,2006-05-24,2017-11-06
VGR,1987-10-09,2017-11-06
VHC,1999-07-30,2017-11-06
VIAB,2005-12-05,2017-11-06
VIAS,1994-05-27,2015-05-29
VICL,1993-03-15,2017-11-06
VICR,1991-11-27,2017-11-06
VITC,2009-09-24,2014-08-19
VIVO,1992-02-26,2017-11-06
VLCCF,1997-02-07,2015-03-31
VLGEA,1990-03-27,2017-11-06
VLO,1982-01-04,2017-11-06
VLY,1990-03-23,2017-11-06
VMC,1988-01-05,2017-11-06
VMEM,2013-09-27,2016-10-27
VMI,1990-03-26,2017-11-06
VMW,2007-08-15,2017-11-06
VNCE,2013-11-22,2017-11-06
VNDA,2006-04-12,2017-11-06
VNO,1988-01-05,2017-11-06
VNTV,2012-03-22,2017-11-06
VOCS,2005-12-07,2014-05-30
VOD,1988-12-16,2017-11-06
VOLC,2006-06-15,2015-02-17
VOXX,1992-03-16,2017-11-06
VOYA,2013-05-02,2017-11-06
VPFG,2006-10-03,2014-12-31
VPG,2010-06-23,2017-11-06
VPRT,2005-09-30,2014-11-12
VR,2007-08-01,2017-11-06
VRA,2010-10-21,2017-11-06
VRNG,2010-07-27,2016-05-06
VRNS,2014-02-28,2017-11-06
VRNT,2002-05-16,2017-11-06
VRSK,2009-10-07,2017-11-06
VRSN,1998-01-30,2017-11-06
VRTS,2009-01-02,2017-11-06
VRTU,2007-08-03,2017-11-06
VRTX,1991-07-24,2017-11-06
VRX,1994-03-30,2017-11-06
VSAR,2014-03-21,2017-11-06
VSAT,1996-12-03,2017-11-06
VSEC,1995-08-18,2017-11-06
VSH,1988-01-04,2017-11-06
VSI,2009-10-28,2017-11-06
VSTM,2012-01-27,2017-11-06
VTG,2007-06-08,2015-09-11
VTL,2014-04-17,2017-11-06
VTNR,1997-01-02,2017-11-06
VTR,1997-05-05,2017-11-06
VTSS,1991-12-11,2015-04-27
VVC,1987-11-05,2017-11-06
VVI,2004-08-12,2017-11-06
VVTV,1993-04-29,2014-11-19
VVUS,1994-04-07,2017-11-06
VZ,1983-11-21,2017-11-06
WAB,1995-06-16,2017-11-06
WABC,1992-03-17,2017-11-06
WAC,1998-03-24,2017-11-06
WAFD,1990-03-26,2017-11-06
WAG,1985-07-01,2014-12-30
WAGE,2012-05-11,2017-11-06
WAIR,2011-07-28,2017-11-06
WAL,2005-07-01,2017-11-06
WASH,1995-08-18,2017-11-06
WAT,1995-11-17,2017-11-06
WBA,1985-07-01,2017-11-06
WBC,2007-08-01,2017-11-06
WBCO,1998-06-23,2014-04-30
WBMD,2005-09-29,2017-09-15
WBS,1986-12-12,2017-11-06
WCC,1999-05-12,2017-11-06
WCG,2004-07-01,2017-11-06
WCIC,2013-07-25,2017-02-10
WCN,1998-05-22,2017-11-06
WD,2010-12-15,2017-11-06
WDAY,2012-10-12,2017-11-06
WDC,1987-01-02,2017-11-06
WDFC,1990-03-26,2017-11-06
WDR,1998-03-05,2017-11-06
WEC,1984-10-26,2017-11-06
WEN,1992-03-17,2017-11-06
WERN,1990-03-26,2017-11-06
WETF,1993-03-04,2017-11-06
WEX,2005-02-16,2017-11-06
WEYS,1990-03-26,2017-11-06
WFC,1972-06-01,2017-11-06
WFD,2002-05-02,2016-10-21
WFM,1992-01-23,2017-08-28
WG,1996-08-15,2017-11-06
WGL,1987-06-22,2017-11-06
WGO,1984-11-01,2017-11-06
WHF,2012-12-06,2017-11-06
WHG,2002-06-13,2017-11-06
WHR,1983-06-10,2017-11-06
WIBC,1998-11-20,2016-07-29
WIFI,2011-05-04,2017-11-06
WIN,2005-02-09,2017-04-25
WINA,1993-08-25,2017-11-06
WIRE,1992-07-20,2017-11-06
WIX,2013-11-06,2017-11-06
WLB,1999-04-19,2017-11-06
WLH,2013-05-16,2017-11-06
WLK,2004-08-12,2017-11-06
WLL,2003-11-20,2017-11-06
WLP,2014-09-22,2014-12-02
WLT,1995-10-10,2015-07-07
WLTW,2016-01-05,2017-11-06
WM,1991-09-30,2017-11-06
WMAR,1993-11-19,2017-09-13
WMB,1981-12-31,2017-11-06
WMC,2012-05-11,2017-11-06
WMGI,2001-07-17,2017-11-06
WMK,1988-01-05,2017-11-06
WMT,1972-08-25,2017-11-06
WNC,1991-11-08,2017-11-06
WNR,2006-01-19,2017-06-01
WOOF,2001-11-28,2017-09-12
WOR,1990-03-26,2017-11-06
WPP,1990-03-26,2016-01-20
WPX,2011-12-12,2017-11-06
WR,1987-08-25,2017-11-06
WRB,1984-09-07,2017-11-06
WRE,1992-03-17,2017-11-06
WRES,2004-12-17,2016-06-07
WRI,1988-01-05,2017-11-06
WRK,2015-06-24,2017-11-06
WRLD,1991-12-02,2017-11-06
WSBC,1995-08-18,2017-11-06
WSBF,2005-10-05,2017-11-06
WSFS,1990-03-26,2017-11-06
WSM,1990-03-26,2017-11-06
WSO,1984-06-07,2017-11-06
WSR,2010-08-26,2017-11-06
WST,1988-01-05,2017-11-06
WSTC,2013-03-22,2017-10-10
WSTL,1995-12-01,2017-11-06
WTBA,1999-05-03,2017-11-06
WTFC,1998-04-16,2017-11-06
WTI,2005-01-28,2017-11-06
WTM,1986-05-09,2017-11-06
WTR,1987-12-30,2017-11-06
WTS,1986-01-02,2017-11-06
WTSL,1992-03-03,2015-01-26
WTW,2001-11-15,2017-11-06
WU,2006-10-02,2017-11-06
WWAV,2012-10-26,2017-04-11
WWD,1996-05-30,2017-11-06
WWE,1999-10-19,2017-11-06
WWW,1984-12-18,2017-11-06
WWWW,2005-11-03,2015-11-09
WY,1973-05-03,2017-11-06
WYN,2006-07-19,2017-11-06
WYNN,2002-10-25,2017-11-06
X,1991-04-12,2017-11-06
XCO,2006-02-09,2017-11-06
XCRA,1990-03-26,2017-11-06
XEC,2002-09-25,2017-11-06
XEL,1985-09-24,2017-11-06
XL,1991-07-19,2017-11-06
XLNX,1990-06-18,2017-11-06
XLRN,2013-09-19,2017-11-06
XLS,2011-10-13,2015-05-28
XNCR,2013-12-03,2017-11-06
XNPT,2005-06-02,2016-07-05
XOM,1970-01-02,2017-11-06
XOMA,1989-04-05,2017-11-06
XON,2013-08-08,2017-11-06
XONE,2013-02-07,2017-11-06
XOOM,2013-02-15,2015-11-11
XOXO,1999-12-02,2017-11-06
XPO,2003-10-07,2017-11-06
XRAY,1991-04-25,2017-11-06
XRM,2005-05-16,2017-11-06
XRX,1977-01-03,2017-11-06
XXIA,2000-10-24,2017-04-18
XXII,2011-01-26,2017-11-06
XYL,2011-10-13,2017-11-06
Y,1984-07-19,2017-11-06
YDKN,2014-07-07,2017-03-10
YELP,2012-03-02,2017-11-06
YHOO,1996-04-12,2017-06-16
YORW,1999-05-03,2017-11-06
YRCW,1986-07-09,2017-11-06
YUM,1997-09-17,2017-11-06
YUME,2013-08-07,2017-11-06
Z,2015-08-17,2017-11-06
ZAGG,2007-09-04,2017-11-06
ZAZA,1992-03-03,2015-10-02
ZBH,2001-07-25,2017-11-06
ZBRA,1991-08-15,2017-11-06
ZEN,2014-05-15,2017-11-06
ZEP,2007-11-01,2015-06-25
ZEUS,1994-03-10,2017-11-06
ZGNX,2010-11-23,2017-11-06
ZIGO,1992-03-03,2014-06-20
ZINC,2007-08-10,2016-02-10
ZION,1990-03-26,2017-11-06
ZIOP,2005-08-24,2017-11-06
ZIXI,1989-11-10,2017-11-06
ZLC,1993-08-09,2014-05-29
ZLTQ,2011-10-19,2017-04-27
ZMH,2001-07-25,2015-06-26
ZNGA,2011-12-16,2017-11-06
ZOES,2014-04-11,2017-11-06
ZQK,1990-03-26,2015-09-09
ZTS,2013-02-01,2017-11-06
ZUMZ,2005-05-06,2017-11-06